DLCMERGER/DLCMERGER.TP2~ #0 #1 // Merge DLC into game -> Merge "Siege of Dragonspear" DLC: 1.7
~BG1UB/SETUP-BG1UB.TP2~ #0 #0 // Ice Island Level Two Restoration: v16.4
~BG1UB/SETUP-BG1UB.TP2~ #0 #11 // Scar and the Sashenstar's Daughter: v16.4
~BG1UB/SETUP-BG1UB.TP2~ #0 #12 // Quoningar, the Cleric: v16.4
~BG1UB/SETUP-BG1UB.TP2~ #0 #13 // Shilo Chen and the Ogre-Magi: v16.4
~BG1UB/SETUP-BG1UB.TP2~ #0 #14 // Edie, the Merchant League Applicant: v16.4
~BG1UB/SETUP-BG1UB.TP2~ #0 #16 // Creature Corrections: v16.4
~BG1UB/SETUP-BG1UB.TP2~ #0 #17 // Creature Restorations: v16.4
~BG1UB/SETUP-BG1UB.TP2~ #0 #18 // Creature Name Restorations: v16.4
~BG1UB/SETUP-BG1UB.TP2~ #0 #19 // Minor Dialogue Restorations: v16.4
~BG1UB/SETUP-BG1UB.TP2~ #0 #21 // Store, Tavern and Inn Fixes and Restorations: v16.4
~BG1UB/SETUP-BG1UB.TP2~ #0 #22 // Item Corrections and Restorations: v16.4
~BG1UB/SETUP-BG1UB.TP2~ #0 #29 // Duke Eltan in the Harbor Master's Building: v16.4
~BG1UB/SETUP-BG1UB.TP2~ #0 #30 // Nim Furlwing Encounter: v16.4
~BG1UB/SETUP-BG1UB.TP2~ #0 #32 // Svlast, the Fallen Paladin Encounter: v16.4
~BG1UB/SETUP-BG1UB.TP2~ #0 #33 // Mal-Kalen, the Ulcaster Ghost: v16.4
~BG1UB/SETUP-BG1UB.TP2~ #0 #34 // Chapter 6 Dialogue Restorations: v16.4
~SOA/SETUP-SOA.TP2~ #0 #0 // The Stone of Askavar for TotSC/Tutu/BGT/BGEE -> Default version: areas connected by travel triggers: 2.6
~K9SHARTEELNPC/SETUP-K9SHARTEELNPC.TP2~ #0 #0 // Install Shar-Teel NPC Mod: v1.4
~WHITE/WHITE.TP2~ #0 #0 // White NPC for BG:EE, BGT and TuTu: 3.1
~VERRSZA/VERRSZA.TP2~ #0 #0 // Verr'Sza - the rakshasa NPC for BG1EE: 6.01
~DRAKE/SETUP-DRAKE.TP2~ #0 #0 // Drake NPC for Baldur's Gate: Enhanced Edition: 1.7
~DRAKE/SETUP-DRAKE.TP2~ #0 #1 // Choose a portrait for Drake: -> Default Portrait (The Artisan): 1.7
~DRAKE/SETUP-DRAKE.TP2~ #0 #4 // OPTIONAL: Install Universal Crossbows, Crossbow Proficiency for Drake?: 1.7
~SIRENE/SETUP-SIRENE.TP2~ #0 #0 // Sirene NPC for Baldur's Gate: Enhanced Edition
~SIRENE/SETUP-SIRENE.TP2~ #0 #4 // Choose an alternate portrait for Sirene? -> Alternate 1 (Sirick/Lava, Heavy Armor)
~EET/EET.TP2~ #0 #0 // EET core (resource importation): V13.4
~EET/EET.TP2~ #0 #100 // Create desktop shortcut: V13.4
~LEUI-BG1EE/LEUI-BG1EE.TP2~ #0 #0 // lefreut's Enhanced UI (BG1EE skin) - Core component: 4.9.1
~LEUI-BG1EE/LEUI-BG1EE.TP2~ #0 #1 // lefreut's Enhanced UI (BG1EE skin) - BG2 vanilla bams for spells: 4.9.1
~LEUI-BG1EE/LEUI-BG1EE.TP2~ #0 #2 // lefreut's Enhanced UI (BG1EE skin) - BG2 vanilla fonts for descriptions: 4.9.1
~BP_IN_BG/BP_IN_BG.TP2~ #0 #100 // add access to the Black Pits in BGEE/EET: 1.2.1
~BG1AERIE/SETUP-BG1AERIE.TP2~ #0 #5000 // Aerie for BG:EE: 2.5
~BG1AERIE/SETUP-BG1AERIE.TP2~ #0 #5001 // Install a lighter variant of the portrait for Aerie? (This changes her BG2 portrait as well in EET.): 2.5
~ASCENSION/ASCENSION.TP2~ #0 #0 // Rewritten Final Chapter of Throne of Bhaal: 2.0.28
~ASCENSION/ASCENSION.TP2~ #0 #10 // Balthazar can be redeemed: 2.0.28
~ASCENSION/ASCENSION.TP2~ #0 #20 // Improved Sarevok-Player Interactions: 2.0.28
~ASCENSION/ASCENSION.TP2~ #0 #30 // Improved Imoen-Player Interactions in Throne of Bhaal: 2.0.28
~ASCENSION/ASCENSION.TP2~ #0 #40 // Restored Bhaalspawn Powers: 2.0.28
~ASCENSION/ASCENSION.TP2~ #0 #50 // Improved Slayer Transformation: 2.0.28
~ASCENSION/ASCENSION.TP2~ #0 #60 // Expanded Epilogues for Bioware NPCs -> David Gaider's expanded epilogues for Bioware NPCs: 2.0.28
~ASCENSION/ASCENSION.TP2~ #0 #1000 // Tougher Abazigal: 2.0.28
~ASCENSION/ASCENSION.TP2~ #0 #1100 // Tougher Balthazar: 2.0.28
~ASCENSION/ASCENSION.TP2~ #0 #1200 // Tougher Demogorgon: 2.0.28
~ASCENSION/ASCENSION.TP2~ #0 #1300 // Tougher Gromnir: 2.0.28
~ASCENSION/ASCENSION.TP2~ #0 #1400 // Tougher Illasera: 2.0.28
~ASCENSION/ASCENSION.TP2~ #0 #1500 // Tougher Yaga-Shura: 2.0.28
~ASCENSION/ASCENSION.TP2~ #0 #2200 // Extended Epilogues for additional Beamdog NPCs, by shawne: 2.0.28
~ASCENSION/ASCENSION.TP2~ #0 #2300 // Sharper portraits of Abazigal and Gromnir for the Enhanced Edition, by DavidW: 2.0.28
~ASCENSION/ASCENSION.TP2~ #0 #2400 // Slightly improved cutscenes, by DavidW: 2.0.28
~IMOEN_FOREVER/IMOEN_FOREVER.TP2~ #0 #0 // Imoen 4 Ever in BGII: Imoen Returns after Talking to Gaelan in Chapter 2: v11.4
~IMOEN_FOREVER/IMOEN_FOREVER.TP2~ #0 #1 // Imoen 4 Ever in BGII: Give Imoen Dialogue Content in SoA: v11.4
~IMOEN_FOREVER/IMOEN_FOREVER.TP2~ #0 #2 // Imoen 4 Ever in BGII: Yoshimo Comes to Brynnlaw: v11.4
~IMOEN_FOREVER/IMOEN_FOREVER.TP2~ #0 #3 // Imoen 4 Ever in BGII: Give Imoen Protection Spell in Chapters 2 & 3: v11.4
~IMOEN_FOREVER/IMOEN_FOREVER.TP2~ #0 #30 // Imoen's Alternate Portrait from Acifer: v11.4
~UB/SETUP-UB.TP2~ #0 #0 // The Kidnapping of Boo by Cliffette: v28
~UB/SETUP-UB.TP2~ #0 #1 // The Suna Seni/Valygar Relationship: v28
~UB/SETUP-UB.TP2~ #0 #2 // Kalah and What He Was Promised: v28
~UB/SETUP-UB.TP2~ #0 #4 // Gorje Hilldark and the Extended Illithium Quest: v28
~UB/SETUP-UB.TP2~ #0 #5 // The Pai'Na/Spider's Bane Quest: v28
~UB/SETUP-UB.TP2~ #0 #6 // Restored Crooked Crane Inn: v28
~UB/SETUP-UB.TP2~ #0 #7 // Restored Encounters: v28
~UB/SETUP-UB.TP2~ #0 #8 // Artemis Entreri in Bodhi's Lair: v28
~UB/SETUP-UB.TP2~ #0 #9 // Corrected "Xzar's Creations": v28
~UB/SETUP-UB.TP2~ #0 #10 // Restored Hell Minions, by SimDing0: v28
~UB/SETUP-UB.TP2~ #0 #12 // Item Restorations: v28
~UB/SETUP-UB.TP2~ #0 #13 // Yoshimo's Original Portrait: v28
~UB/SETUP-UB.TP2~ #0 #14 // Anomen's Original Portrait: v28
~UB/SETUP-UB.TP2~ #0 #15 // NPC Portrait Restorations: v28
~UB/SETUP-UB.TP2~ #0 #17 // Corrected Character Names and Biographies: v28
~UB/SETUP-UB.TP2~ #0 #18 // Restored Minor Dialogs: v28
~UB/SETUP-UB.TP2~ #0 #20 // Extended ToB Item Descriptions: v28
~UB/SETUP-UB.TP2~ #0 #21 // Throne of Bhaal Minor Restorations: v28
~UB/SETUP-UB.TP2~ #0 #22 // Justifier Kit: v28
~UB/SETUP-UB.TP2~ #0 #23 // Feralan Kit: v28
~UB/SETUP-UB.TP2~ #0 #24 // Sarevok's Remorse: v28
~UB/SETUP-UB.TP2~ #0 #25 // The Murder of Acton Balthis, by Kulyok: v28
~ARESTORATIONP/ARESTORATIONP.TP2~ #1 #0 // Restored Locations: v10.1
~ARESTORATIONP/ARESTORATIONP.TP2~ #1 #1 // Restored Characters and Dialogs: v10.1
~ARESTORATIONP/ARESTORATIONP.TP2~ #1 #2 // Restored Sounds: v10.1
~ARESTORATIONP/ARESTORATIONP.TP2~ #1 #3 // Restored Items: v10.1
~ARESTORATIONP/ARESTORATIONP.TP2~ #1 #4 // Restored Wish Options: v10.1
~ARESTORATIONP/ARESTORATIONP.TP2~ #1 #5 // Restored XP for Minor Things: v10.1
~ARESTORATIONP/ARESTORATIONP.TP2~ #1 #6 // Lich Deril: v10.1
~ARESTORATIONP/ARESTORATIONP.TP2~ #1 #8 // Minor Restorations: v10.1
~ARESTORATIONP/ARESTORATIONP.TP2~ #1 #11 // Restored Final Slayer Dream: v10.1
~ARESTORATIONP/ARESTORATIONP.TP2~ #1 #12 // Alternate Slayer Change: v10.1
~ARESTORATIONP/ARESTORATIONP.TP2~ #1 #13 // Restored Waukeen's Promenade Cutscene: v10.1
~NTOTSC/NTOTSC.TP2~ #0 #0 // Northern Tales of the Sword Coast (NTotSC) for BGT-Weidu, BG:EE, and EET: 5.0.0
~NTOTSC/NTOTSC.TP2~ #0 #2 // Keelor the Dwarf: 5.0.0
~NTOTSC/NTOTSC.TP2~ #0 #3 // Llindellyn's Lucky Arrow: 5.0.0
~NTOTSC/NTOTSC.TP2~ #0 #5 // Pilar and Gheldehar: 5.0.0
~NTOTSC/NTOTSC.TP2~ #0 #10 // Improved Lesser Fiends: 5.0.0
~NTOTSC/NTOTSC.TP2~ #0 #11 // Improved Haeball: 5.0.0
~NTOTSC/NTOTSC.TP2~ #0 #12 // Improved Ghotal: 5.0.0
~NTOTSC/NTOTSC.TP2~ #0 #14 // Reduce Number of Shaman Cloaks -> Make Cloaks Undroppable: 5.0.0
~BGQE/SETUP-BGQE.TP2~ #0 #0 // Slime Quest: 29
~BGQE/SETUP-BGQE.TP2~ #0 #1 // Beregost Family Quest: 29
~BGQE/SETUP-BGQE.TP2~ #0 #3 // Nashkel Monster Quest: 29
~BGQE/SETUP-BGQE.TP2~ #0 #4 // Fallen Paladin Quest: 29
~BGQE/SETUP-BGQE.TP2~ #0 #5 // Undying Love Quest: 29
~BGQE/SETUP-BGQE.TP2~ #0 #6 // Lovesick Half-Orc: 29
~BGQE/SETUP-BGQE.TP2~ #0 #7 // Unexpected Help Quest: 29
~BGQE/SETUP-BGQE.TP2~ #0 #9 // Drunk Near Beregost Temple: 29
~BGQE/SETUP-BGQE.TP2~ #0 #10 // A Warm Place for Noober: 29
~BGQE/SETUP-BGQE.TP2~ #0 #11 // Brage's Sword: 29
~BGQE/SETUP-BGQE.TP2~ #0 #12 // Legal Sea Charts Sources: 29
~BGQE/SETUP-BGQE.TP2~ #0 #13 // Additions to the Lady's Hall and the Bitch Queen's Temple: 29
~BGQE/SETUP-BGQE.TP2~ #0 #14 // A Worried Farmer: 29
~BGQE/SETUP-BGQE.TP2~ #0 #16 // Finish Cordyr's Quest without killing Sil: 29
~C#SODBOABRI/C#SODBOABRI.TP2~ #0 #0 // Scene at Boareskyr Bridge will be Acknowledged: Add NPC Reactions: v8
~C#SODBOABRI/C#SODBOABRI.TP2~ #0 #1 // Add Description Text to Original Scene at Bridge: v8
~C#SODBOABRI/C#SODBOABRI.TP2~ #0 #2 // Bridge Scene has Different Choices: v8
~C#SODBOABRI/C#SODBOABRI.TP2~ #0 #3 // Add Stat Changes to Choices at Bridge: v8
~C#ANOTHERFINEHELL/C#ANOTHERFINEHELL.TP2~ #0 #0 // Another Fine Hell - Optional Ending for SoD and BGII Closure: Alpha_230919
~C#ANOTHERFINEHELL/C#ANOTHERFINEHELL.TP2~ #0 #2 // PC's and Imoen's chest in Palace should have their content: Alpha_230919
~DW_LANTHORN/DW_LANTHORN.TP2~ #0 #20 // Restored Rhynn Lanthorn lens quest -> Expanded Version (adds four new locations where lenses can be found): v2
~AC_QUEST/AC_QUEST.TP2~ #1 #0 // A Job Well-Paid: 6.1
~AC_QUEST/AC_QUEST.TP2~ #1 #1 // A Feast for the Gnolls: 6.1
~AC_QUEST/AC_QUEST.TP2~ #1 #4 // The Lost Son: 6.1
~AC_QUEST/AC_QUEST.TP2~ #1 #6 // Of Wolves and Men -> Quest uses house in Beregost.: 6.1
~AC_QUEST/AC_QUEST.TP2~ #1 #7 // The Great Carlini: 6.1
~AC_QUEST/AC_QUEST.TP2~ #1 #8 // A Home for the Gibberlings: 6.1
~AC_QUEST/AC_QUEST.TP2~ #1 #9 // Fangirls: 6.1
~AC_QUEST/AC_QUEST.TP2~ #1 #11 // The Serpents of Abbathor -> Tweaked version: quest can be finished in BG1.: 6.1
~AC_QUEST/AC_QUEST.TP2~ #1 #12 // A Halfling among the Eyeless: 6.1
~C#ENDLESSBG1/C#ENDLESSBG1.TP2~ #0 #0 // Endless BG1: Main Component (Required): 20
~C#ENDLESSBG1/C#ENDLESSBG1.TP2~ #0 #1 // More Flavor to Hero of Baldur's Gate (Includes PC's Residence Inside Palace): 20
~C#ENDLESSBG1/C#ENDLESSBG1.TP2~ #0 #2 // Short Public Hero Tribute: 20
~C#ENDLESSBG1/C#ENDLESSBG1.TP2~ #0 #3 // Sarevok's Unique Items: 20
~C#ENDLESSBG1/C#ENDLESSBG1.TP2~ #0 #4 // Sarevok's Sword: 20
~C#ENDLESSBG1/C#ENDLESSBG1.TP2~ #0 #6 // Duke Eltan Is in the Palace: 20
~C#ENDLESSBG1/C#ENDLESSBG1.TP2~ #0 #8 // Elminster Makes an Appearance -> jastey's Version: 20
~C#ENDLESSBG1/C#ENDLESSBG1.TP2~ #0 #10 // First Refugees Come to Baldur's Gate: 20
~C#ENDLESSBG1/C#ENDLESSBG1.TP2~ #0 #11 // Ophyllis the Treasurer is Inside Palace Dungeon: 20
~C#ENDLESSBG1/C#ENDLESSBG1.TP2~ #0 #12 // Denkod in Thieves' Guild Comments on Sarevok's Death: 20
~C#ENDLESSBG1/C#ENDLESSBG1.TP2~ #0 #13 // Skip Thieves' Maze Once After Sarevok's Death: 20
~C#ENDLESSBG1/C#ENDLESSBG1.TP2~ #0 #15 // Fenster the Palace Healer Is in the Palace: 20
~C#ENDLESSBG1/C#ENDLESSBG1.TP2~ #0 #16 // Captain Corwin Is in the Palace: 20
~SOS/SOS.TP2~ #0 #0 // Shadows Over Soubar: 2.1.3
~SOS/SOS.TP2~ #0 #4 // Alternative Soubar area (by Cuttooth): 2.1.3
~SOS/SOS.TP2~ #0 #1 // Selence arrives to Waukeens Promenade after the meeting with Gaelan in the slums: 2.1.3
~FADINGPROMISES/SETUP-FADINGPROMISES.TP2~ #0 #0 // Fading Promises: v9
~CANDLEKEEP_REVISITED/CANDLEKEEP_REVISITED.TP2~ #0 #0 // Candlekeep Revisited: BG1 Prologue Expansion
~CANDLEKEEP_REVISITED/CANDLEKEEP_REVISITED.TP2~ #0 #1 // Candlekeep Revisited: BG1 Expanded Starting Sequence
~CANDLEKEEP_REVISITED/CANDLEKEEP_REVISITED.TP2~ #0 #2 // Candlekeep Revisited: Osprey joinable NPC for SoD
~CANDLEKEEP_REVISITED/CANDLEKEEP_REVISITED.TP2~ #0 #3 // Candlekeep Revisited: New Portraits for Arkanis, Canderous, Deder, Mordaine, Osprey
~LORETAKERS/SETUP-LORETAKERS.TP2~ #0 #0 // Loretakers V 1.5: V 1.5
~JA#BGT_ADVPACK/SETUP-JA#BGT_ADVPACK.TP2~ #1 #1 // Extended Law System: 1.0
~JA#BGT_ADVPACK/SETUP-JA#BGT_ADVPACK.TP2~ #1 #2 // Ramazith: 1.0
~JA#BGT_ADVPACK/SETUP-JA#BGT_ADVPACK.TP2~ #1 #3 // Jopi and his uncle Ragefast: 1.0
~JA#BGT_ADVPACK/SETUP-JA#BGT_ADVPACK.TP2~ #1 #4 // Yuxi - Ragefast's imp: 1.0
~JA#BGT_ADVPACK/SETUP-JA#BGT_ADVPACK.TP2~ #1 #5 // Husam's story line finished: 1.0
~JA#BGT_ADVPACK/SETUP-JA#BGT_ADVPACK.TP2~ #1 #6 // IMPROVED/RESTORED: Ducal Palace: 1.0
~JA#BGT_ADVPACK/SETUP-JA#BGT_ADVPACK.TP2~ #1 #7 // Gervisse & Voltine: 1.0
~JA#BGT_ADVPACK/SETUP-JA#BGT_ADVPACK.TP2~ #1 #8 // Seven Suns: 1.0
~JA#BGT_ADVPACK/SETUP-JA#BGT_ADVPACK.TP2~ #1 #9 // Arkhstuff: 1.0
~JA#BGT_ADVPACK/SETUP-JA#BGT_ADVPACK.TP2~ #1 #10 // Iron Throne Guard: 1.0
~JA#BGT_ADVPACK/SETUP-JA#BGT_ADVPACK.TP2~ #1 #13 // RESTORED: Nashkel Garrison soldier: 1.0
~JA#BGT_ADVPACK/SETUP-JA#BGT_ADVPACK.TP2~ #1 #14 // RESTORED: Velvet - Cockfight: 1.0
~JA#BGT_ADVPACK/SETUP-JA#BGT_ADVPACK.TP2~ #1 #16 // RESTORED: Caravan merchant: 1.0
~JA#BGT_ADVPACK/SETUP-JA#BGT_ADVPACK.TP2~ #1 #17 // RESTORED: Galtoth - the fence: 1.0
~JA#BGT_ADVPACK/SETUP-JA#BGT_ADVPACK.TP2~ #1 #18 // Phandalyn waits in Elfsong Tavern: 1.0
~JA#BGT_ADVPACK/SETUP-JA#BGT_ADVPACK.TP2~ #1 #20 // RESTORED: Warehouse Workers: 1.0
~JA#BGT_ADVPACK/SETUP-JA#BGT_ADVPACK.TP2~ #1 #21 // RESTORED: Nobles: 1.0
~JA#BGT_ADVPACK/SETUP-JA#BGT_ADVPACK.TP2~ #1 #22 // RESTORED: Yago's guard in Low Lantern: 1.0
~JA#BGT_ADVPACK/SETUP-JA#BGT_ADVPACK.TP2~ #1 #23 // RESTORED: Ignatio Phleed - the invitation seller: 1.0
~JA#BGT_ADVPACK/SETUP-JA#BGT_ADVPACK.TP2~ #1 #24 // RESTORED: Shalasin: 1.0
~JA#BGT_ADVPACK/SETUP-JA#BGT_ADVPACK.TP2~ #1 #25 // RESTORED: Sir Artolas: 1.0
~JA#BGT_ADVPACK/SETUP-JA#BGT_ADVPACK.TP2~ #1 #30 // RESTORED: Marl - Tavern brawl at Feldepost's Inn: 1.0
~JA#BGT_ADVPACK/SETUP-JA#BGT_ADVPACK.TP2~ #1 #31 // RESTORED: Beregost guards: 1.0
~JA#BGT_ADVPACK/SETUP-JA#BGT_ADVPACK.TP2~ #1 #32 // RESTORED ITEM: Rythe's Last Arrow: 1.0
~JA#BGT_ADVPACK/SETUP-JA#BGT_ADVPACK.TP2~ #1 #33 // RESTORED ITEM: The Protector of the Unworthy: 1.0
~JA#BGT_ADVPACK/SETUP-JA#BGT_ADVPACK.TP2~ #1 #34 // IMPROVED/FIXED: Counting House: 1.0
~JA#BGT_ADVPACK/SETUP-JA#BGT_ADVPACK.TP2~ #1 #35 // Merchants' League investigations: 1.0
~JA#BGT_ADVPACK/SETUP-JA#BGT_ADVPACK.TP2~ #1 #36 // Aldeth & Seniyad: 1.0
~JA#BGT_ADVPACK/SETUP-JA#BGT_ADVPACK.TP2~ #1 #37 // Aldeth's betrayal and remorse: 1.0
~JA#BGT_ADVPACK/SETUP-JA#BGT_ADVPACK.TP2~ #1 #38 // Tenya and the fishermen: 1.0
~JA#BGT_ADVPACK/SETUP-JA#BGT_ADVPACK.TP2~ #1 #39 // Tenya's quest in Temple of Umberlee: 1.0
~JA#BGT_ADVPACK/SETUP-JA#BGT_ADVPACK.TP2~ #1 #40 // Nashkel: 1.0
~JA#BGT_ADVPACK/SETUP-JA#BGT_ADVPACK.TP2~ #1 #41 // Stationary soldiers in Nashkel: 1.0
~JA#BGT_ADVPACK/SETUP-JA#BGT_ADVPACK.TP2~ #1 #42 // Imoen at Winthrop's inn: 1.0
~JA#BGT_ADVPACK/SETUP-JA#BGT_ADVPACK.TP2~ #1 #44 // Extended/Improved dialogues: 1.0
~JA#BGT_ADVPACK/SETUP-JA#BGT_ADVPACK.TP2~ #1 #45 // Caldo can be charmed: 1.0
~JA#BGT_ADVPACK/SETUP-JA#BGT_ADVPACK.TP2~ #1 #46 // Hulrik and his cows: 1.0
~JA#BGT_ADVPACK/SETUP-JA#BGT_ADVPACK.TP2~ #1 #47 // Improved Shop of Silence: 1.0
~JA#BGT_ADVPACK/SETUP-JA#BGT_ADVPACK.TP2~ #1 #48 // Ender Sai in Baldur's Gate: 1.0
~JA#BGT_ADVPACK/SETUP-JA#BGT_ADVPACK.TP2~ #1 #49 // Sorcerous Sundries: 1.0
~JA#BGT_ADVPACK/SETUP-JA#BGT_ADVPACK.TP2~ #1 #51 // Mini-Quest: "The mystery of the silent ghostly voice": 1.0
~JA#BGT_ADVPACK/SETUP-JA#BGT_ADVPACK.TP2~ #1 #52 // Special keg in Elfsong Tavern: 1.0
~JA#BGT_ADVPACK/SETUP-JA#BGT_ADVPACK.TP2~ #1 #53 // Black Alaric's Cave: 1.0
~JA#BGT_ADVPACK/SETUP-JA#BGT_ADVPACK.TP2~ #1 #54 // RESTORED: Cloakwood druid: 1.0
~JA#BGT_ADVPACK/SETUP-JA#BGT_ADVPACK.TP2~ #1 #55 // Extended meeting between Xzar and Niemain: 1.0
~JA#BGT_ADVPACK/SETUP-JA#BGT_ADVPACK.TP2~ #1 #101 // Backdoor to Gellana's temple: 1.0
~JA#BGT_ADVPACK/SETUP-JA#BGT_ADVPACK.TP2~ #1 #102 // Backdoor to Waterqueen's House: 1.0
~SIRINESCALL/SETUP-SIRINESCALL.TP2~ #0 #0 // The Lure of the Sirine's Call: v16.3
~REUNION/REUNION.TP2~ #0 #0 // The Reunion mod for Baldur's Gate II: v7
~ASSASSINATIONS/ASSASSINATIONS.TP2~ #0 #0 // Assassinations mod for Baldur's Gate II: v19
~BG1RE/SETUP-BG1RE.TP2~ #0 #105 // Main Component: Amount of -ahem- details and BG-style vs. description text! (Required) -> Descriptive Version [Adult content] and Show/Install all Components with Warnings.: 13
~BG1RE/SETUP-BG1RE.TP2~ #0 #2 // Scar's Spare Time, by jastey: 13
~BG1RE/SETUP-BG1RE.TP2~ #0 #3 // Kim's Preoccupation, by jastey (WARNING - refer to the readme!): 13
~BG1RE/SETUP-BG1RE.TP2~ #0 #5 // No Starch in the Maypole: 13
~BG1RE/SETUP-BG1RE.TP2~ #0 #6 // Duke Eltan's Spare Minute, by jastey: 13
~BG1RE/SETUP-BG1RE.TP2~ #0 #8 // Laurel's Post-Hunting, by jastey: 13
~BG1RE/SETUP-BG1RE.TP2~ #0 #10 // Lina's Massage, by jastey: 13
~BG1RE/SETUP-BG1RE.TP2~ #0 #13 // Slythe and Krystin, by Kulyok (mature content. WARNING - refer to the readme!): 13
~BG1RE/SETUP-BG1RE.TP2~ #0 #14 // No Regrets: 13
~BG1RE/SETUP-BG1RE.TP2~ #0 #15 // Purchased Love, by Thimblerig: 13
~BG1RE/SETUP-BG1RE.TP2~ #0 #17 // Late Night with Jaheira, by Kulyok: 13
~BG1RE/SETUP-BG1RE.TP2~ #0 #18 // Sil's Blessing, by Lava: 13
~BG1RE/SETUP-BG1RE.TP2~ #0 #20 // Reading with Rinnie, by Western Paladin: 13
~BG1RE/SETUP-BG1RE.TP2~ #0 #21 // Molly the Husband-Grabber, by Kulyok: 13
~BG1RE/SETUP-BG1RE.TP2~ #0 #22 // The Mourning of Centeol, the Spider Lady, by Lava: 13
~BG1RE/SETUP-BG1RE.TP2~ #0 #23 // The Essential End, by Lava (WARNING - refer to the readme!): 13
~BG1RE/SETUP-BG1RE.TP2~ #0 #24 // The Harvestmen Lair, by Lava (mature content): 13
~BG1RE/SETUP-BG1RE.TP2~ #0 #26 // The Messenger, by Thimblerig: 13
~BG1RE/SETUP-BG1RE.TP2~ #0 #28 // The Novelists, by Thimblerig: 13
~BG1RE/SETUP-BG1RE.TP2~ #0 #29 // The Honest Lies of Two Riversides, By Lava: 13
~BG1RE/SETUP-BG1RE.TP2~ #0 #30 // Necromancer's Trouble, by jastey: 13
~BG1RE/SETUP-BG1RE.TP2~ #0 #31 // Dinner with Thalantyr, by jastey: 13
~BG1RE/SETUP-BG1RE.TP2~ #0 #32 // Girdle of Gender Reactions, by Thimblerig, Kulyok, Domi, Lava, Lastknightleft, Twani, Jastey, Daisy Ninja Girl: 13
~BG1RE/SETUP-BG1RE.TP2~ #0 #34 // All That Left Was, by Lava and Thimblerig: 13
~BG1RE/SETUP-BG1RE.TP2~ #0 #37 // Della May from Thay, by Kulyok: 13
~BG1RE/SETUP-BG1RE.TP2~ #0 #41 // The Messenger 2: Rain or Snow or Gloom of Night, by Thimblerig and tibicina: 13
~BG1RE/SETUP-BG1RE.TP2~ #0 #42 // Camryn and Tamah, by tibicina: 13
~BG1RE/SETUP-BG1RE.TP2~ #0 #43 // Minor Disclosures, by jastey: 13
~BG1RE/SETUP-BG1RE.TP2~ #0 #44 // Cloakwood Lovers, by tibicina: 13
~CTB/SETUP-CTB.TP2~ #0 #0 // Check The Bodies: 3.0
~CTB/SETUP-CTB.TP2~ #0 #3 // Other Improvements: 3.0
~BLACKHEARTS/SETUP-BLACKHEARTS.TP2~ #0 #1 // Install Blackhearts for "BGEE only" or "EET including BGEE and BG2EE": v1.3
~BACKBRYNNLAW/BACKBRYNNLAW.TP2~ #0 #0 // Back to Brynnlaw mod for Baldur's Gate II: v9
~GORGON/SETUP-GORGON.TP2~ #0 #0 // Install The Gorgon's Eye: v4.8
~GORGON/SETUP-GORGON.TP2~ #0 #1 // NPC Character Portraits -> Give portraits to all characters added from this mod: v4.8
~A7-TESTYOURMETTLE/A7-TESTYOURMETTLE.TP2~ #0 #0 // Test Your Mettle!: 1.6
~A7-TESTYOURMETTLE/A7-TESTYOURMETTLE.TP2~ #0 #11 // Reduced experience for killing monsters -> Reduce by 50%: 1.6
~A7-TESTYOURMETTLE/A7-TESTYOURMETTLE.TP2~ #0 #20 // Make "Spacewarp" available to stores: 1.6
~C#SB_SILBER/SETUP-C#SB_SILBER.TP2~ #0 #0 // Adalon's Blood - Modification for BGII by Gandalf the white: 17.2
~THECALLING/THECALLING.TP2~ #0 #0 // The Calling: v5
~THECALLING/THECALLING.TP2~ #0 #20 // Peaceful Werewolf Isle Resolution: v5
~THECALLING/THECALLING.TP2~ #0 #40 // Exotic Item Pack: v5
~REFLECTIONS/REFLECTIONS.TP2~ #0 #100 // Reflections of Destiny BG1: The Future is Now: 0.9
~REFLECTIONS/REFLECTIONS.TP2~ #0 #110 // Reflections of Destiny BG1: The Mirror Shard: 0.9
~REFLECTIONS/REFLECTIONS.TP2~ #0 #200 // Reflections of Destiny SoD: Rewriting History: 0.9
~REFLECTIONS/REFLECTIONS.TP2~ #0 #220 // Reflections of Destiny SoD: Magical Realism: 0.9
~REFLECTIONS/REFLECTIONS.TP2~ #0 #230 // Reflections of Destiny SoD: Nothing to Fear but Feyr Itself: 0.9
~REFLECTIONS/REFLECTIONS.TP2~ #0 #240 // Reflections of Destiny SoD: The Precipice of Death: 0.9
~OOZE/OOZE.TP2~ #0 #0 // Athkatlan Grounds: The Ooze's Lounge - a new area under Athkatlan Slums: v2.98
~SOUTHERNEDGE/SOUTHERNEDGE.TP2~ #0 #0 // Southern Edge: the new district of Athkatla -> Yes, but don't patch the existing save games: v5.2.1
~TANGLEDISLE/TANGLEDISLE.TP2~ #0 #0 // Athkatlan Grounds: The Tangled Oak Isle -> Yes, but don't patch existing save games: v4.5.3
~BRIDGESBLOCK/BRIDGESBLOCK.TP2~ #0 #0 // Athkatlan Grounds: The Bridge's Block: v2.01
~ALABASTERSANDS/ALABASTERSANDS.TP2~ #0 #0 // Alabaster Sands: the new area of Athkatla -> Yes, but don't patch existing save games: v1.8.1
~WHITEQUEEN/WHITEQUEEN.TP2~ #0 #0 // Colours of Infinity - The White Queen -> Yes, but don't patch the existing save games: v7.3.1
~ISNF/ISNF.TP2~ #0 #0 // Colours of Infinity: I Shall Never Forget: 6.3
~INNERSHADE/SETUP-INNERSHADE.TP2~ #0 #0 // Colours of Infinity: Innershade -> Yes, but don't patch the existing save games: v11.13
~TOTDG/TOTDG.TP2~ #0 #0 // Colours of Infinity: Tales of the Deep Gardens -> Yes, but don't patch the existing save games: 12.94
~SELLSWORDS/SELLSWORDS.TP2~ #0 #0 // The Sellswords mod for Baldur's Gate II: v9.1
~BST/SETUP-BST.TP2~ #0 #0 // The BS Company presents Balduran's Seatower: vEAOB.9
~RE/SETUP-RE.TP2~ #0 #0 // Aerie, Anomen, Jaheira and Viconia React to Romantic Encounters: v15
~RE/SETUP-RE.TP2~ #0 #1 // Storms and Lightning, by berelinde (Weathermistress Ada, adult content): v15
~RE/SETUP-RE.TP2~ #0 #2 // Aimi's Magic, by berelinde (adult content): v15
~RE/SETUP-RE.TP2~ #0 #3 // Anishai's Deft Hands, by cmorgan: v15
~RE/SETUP-RE.TP2~ #0 #6 // Bodhi's Allure, by Kulyok (adult content): v15
~RE/SETUP-RE.TP2~ #0 #7 // Trademeet with Guildmistress Busya, by magrat: v15
~RE/SETUP-RE.TP2~ #0 #9 // Chanelle's Gifts, by cmorgan (adult content): v15
~RE/SETUP-RE.TP2~ #0 #13 // A Lonely Dryad, by Kulyok (adult content): v15
~RE/SETUP-RE.TP2~ #0 #16 // Elhan's Expansion, by Kulyok: v15
~RE/SETUP-RE.TP2~ #0 #22 // Ilona, a Merchant's Daughter, by Kulyok: v15
~RE/SETUP-RE.TP2~ #0 #24 // A Night with Lais in Imnesvale, by Kulyok: v15
~RE/SETUP-RE.TP2~ #0 #28 // Mira's Special Stock, by berelinde: v15
~RE/SETUP-RE.TP2~ #0 #30 // Rebecca the Gypsy, by Kulyok: v15
~RE/SETUP-RE.TP2~ #0 #35 // Dreaming of Sendai, by Kulyok: v15
~RE/SETUP-RE.TP2~ #0 #36 // Sheri the Bardess, by cmorgan (adult content): v15
~RE/SETUP-RE.TP2~ #0 #41 // Isabelle's Fears, by gertjanvh (adult content): v15
~RE/SETUP-RE.TP2~ #0 #42 // Anne's Rescue, by gertjanvh (adult content): v15
~RE/SETUP-RE.TP2~ #0 #43 // The Queen, by Domi: v15
~RE/SETUP-RE.TP2~ #0 #45 // Rehearsal with Chandra, by Western Paladin: v15
~RE/SETUP-RE.TP2~ #0 #52 // Minsc. Takes. A Bath, by Thimblerig: v15
~RE/SETUP-RE.TP2~ #0 #53 // Nizidramanii'yt's Vanity, by Thimblerig: v15
~RE/SETUP-RE.TP2~ #0 #54 // Date Night, by SisterVigilante: v15
~FISHINGFORTROUBLE/FISHINGFORTROUBLE.TP2~ #0 #0 // Fishing for Trouble by Yovaneth: v3.2.10
~FISHINGFORTROUBLE/FISHINGFORTROUBLE.TP2~ #0 #1 // Fishing for Trouble - Major character portraits: v3.2.10
~TOD/TOD.TP2~ #0 #0 // Tower of Deception: v4.0.8
~TOD/TOD.TP2~ #0 #1 // Improved Astral Shard Guardian: v4.0.8
~TOD/TOD.TP2~ #0 #2 // Encounter with Ustrain: v4.0.8
~TIDINGS/SETUP-TIDINGS.TP2~ #1 #0 // Dark Tidings: 2.4
~GODCALL/SETUP-GODCALL.TP2~ #1 #0 // Call Of The Lost Goddess V 2.01
~GODCALL/SETUP-GODCALL.TP2~ #1 #50 // Install portraits for the major NPCs of the mod
~THRONEOFTHEMADGOD/SETUP-THRONEOFTHEMADGOD.TP2~ #1 #0 // Throne of the Mad God V 1.2: V 1.2
~BLOODIEDSTINGSOFBAROVIA/BLOODIEDSTINGSOFBAROVIA.TP2~ #0 #0 // The Bloodied Stings of Barovia - a dark Ravenloft adventure for Baldur's Gate 2 EE: v2.5
~INLOVEUNDEATH/INLOVEUNDEATH.TP2~ #0 #0 // The Dreadful Tales: In Love, Undeath - a new quest and companion for BG2EE -> Yes, but don't patch existing save games: v1.8.2
~JUNIPERANDTHESTONELEECH/JUNIPERANDTHESTONELEECH.TP2~ #0 #0 // The Dreadful Tales: Juniper and the Stone Leech - companion and a quest mod for BG2EE ToB: v1.8
~EILISTRAEE/SETUP-EILISTRAEE.TP2~ #0 #0 // Eilistraee's Song -> Yes, but don't patch the existing save games: v7.5.1
~SOTSC/SOTSC.TP2~ #0 #0 // Shades of the Sword Coast - Expansion Pack for BGEE: v8.9
~BG1NPC/BG1NPC.TP2~ #0 #0 // The BG1 NPC Project: Required Modifications: v32
~BG1NPC/BG1NPC.TP2~ #0 #10 // The BG1 NPC Project: Banters, Quests, and Interjections: v32
~BG1NPC/BG1NPC.TP2~ #0 #20 // The BG1 NPC Project: Ajantis Romance Core (teen content) -> Speed: 1 hour real time (standard) minimum between LoveTalks: v32
~BG1NPC/BG1NPC.TP2~ #0 #30 // The BG1 NPC Project: Branwen's Romance Core (teen content) -> Speed: 1 hour real time (standard) minimum between LoveTalks: v32
~BG1NPC/BG1NPC.TP2~ #0 #40 // The BG1 NPC Project: Coran's Romance Core (adult content) -> Speed: 1 hour real time (standard) minimum between LoveTalks: v32
~BG1NPC/BG1NPC.TP2~ #0 #50 // The BG1 NPC Project: Dynaheir's Romance Core (teen content) -> Speed: 1 hour real time (standard) minimum between LoveTalks: v32
~BG1NPC/BG1NPC.TP2~ #0 #60 // The BG1 NPC Project: Shar-Teel Relationship Core (adult content) -> Speed: 1 hour real time (standard) minimum between LoveTalks: v32
~BG1NPC/BG1NPC.TP2~ #0 #70 // The BG1 NPC Project: Xan's Romance Core (teen content) -> Speed: 1 hour real time (standard) minimum between LoveTalks: v32
~BG1NPC/BG1NPC.TP2~ #0 #80 // The BG1 NPC Project: Female Romance Challenges, Ajantis vs Xan vs Coran: v32
~BG1NPC/BG1NPC.TP2~ #0 #90 // The BG1 NPC Project: NPCs can be sent to wait in an inn: v32
~BG1NPC/BG1NPC.TP2~ #0 #110 // BGEE Banter Timing Tweak -> Banter Timing: Normal (about 27 minutes between banter dialogs): v32
~BG1NPC/BG1NPC.TP2~ #0 #120 // The BG1 NPC Project: Bardic Reputation Adjustment: v32
~BG1NPC/BG1NPC.TP2~ #0 #130 // The BG1 NPC Project: Sarevok's Diary Adjustments -> SixofSpades Extended Sarevok's Diary: v32
~BG1NPC/BG1NPC.TP2~ #0 #240 // The BG1 NPC Project: Kivan's Proficiency -> Kivan uses spears: v32
~BG1NPC/BG1NPC.TP2~ #0 #150 // The BG1 NPC Project: Kivan's "Kivan and Deheriana Companions" portrait: v32
~BG1NPC/BG1NPC.TP2~ #0 #155 // The BG1 NPC Project: Give Coran his "Murder in Baldur's Gate" portrait: v32
~BG1NPC/BG1NPC.TP2~ #0 #160 // The BG1 NPC Project: Add Non-Joinable NPC portraits to quests and dialogues: v32
~WHINHILL/WHINHILL.TP2~ #0 #0 // The Journey to the Whin Hill - a Baldur's Gate 2: EE quest -> Yes, but don't patch existing save games: v1.3.1
~WHINHILL/WHINHILL.TP2~ #0 #2 // The Journey to the Whin Hill: add the optional minor joinable companion - Afu-Zuuvi: v1.3.1
~BLOODANDFAITH/BLOODANDFAITH.TP2~ #0 #0 // Blood and Faith Installation: 1.0
~C#SODTWEAKS/SETUP-C#SODTWEAKS.TP2~ #0 #3 // Do Not Miss NPC-PC Dialogues -> Activate All NPC-PC Dialogues Always: v13
~C#SODTWEAKS/SETUP-C#SODTWEAKS.TP2~ #0 #5 // More Dialogue Choices & Prevent Dead Ends: v13
~THEMED_TWEAKS/THEMED_TWEAKS.TP2~ #0 #70 // SoD - Allow PC to give aid to Imoen after attack in palace: v0.4
~THEMED_TWEAKS/THEMED_TWEAKS.TP2~ #0 #80 // SoD - Stat-based observations and quest options: v0.4
~THEMED_TWEAKS/THEMED_TWEAKS.TP2~ #0 #100 // SoD - Quest: Scouting the Coast Way Crossing: v0.4
~THEMED_TWEAKS/THEMED_TWEAKS.TP2~ #0 #140 // SoD/BG2EE - Add a little snark to dialogues: v0.4
~THEMED_TWEAKS/THEMED_TWEAKS.TP2~ #0 #200 // BG2EE - Use Irenicus in hell movie as dream to restore Bhaalspawn powers: v0.4
~SLANDOR/SLANDOR.TP2~ #1 #0 // The Minotaur and Lilacor: 2.1
~THEVANISHINGOFSKIESILVERSHIELD/THEVANISHINGOFSKIESILVERSHIELD.TP2~ #0 #0 // The Vanishing of Skie Silvershield – a new quest for BGEE that lets Eldoth and Skie join your party sooner: v2.5
~LUCY/LUCY.TP2~ #0 #0 // Lucy the Wyvern: v5.0
~C#SOLAUFEIN/C#SOLAUFEIN.TP2~ #1 #0 // Solaufein's Rescue: Jastey's Solaufein NPC for BGII: 5.0
~C#SOLAUFEIN/C#SOLAUFEIN.TP2~ #1 #1 // Give Solaufein in Ust Natha the Mod's Portrait: 5.0
~KELSEY/KELSEY.TP2~ #0 #0 // Kelsey: V6
~KELSEY/KELSEY.TP2~ #0 #4 // Ascension-specific dialogue (Requires WeiDU Ascension, v1.4.12 or greater recommended): V6
~KETO/SETUP-KETO.TP2~ #0 #0 // Keto-SOA NPC: V6
~KETO/SETUP-KETO.TP2~ #0 #1 // Keto/Kelsey Interaction (Requires Kelsey-SOA): V6
~SETUP-D0QUESTPACK.TP2~ #0 #401 // Miscellaneous Enhancements -> Without Additonal Random Encounters: v3.5
~SETUP-D0QUESTPACK.TP2~ #0 #6 // Alternative Harper/Xzar Plot: v3.5
~SETUP-D0QUESTPACK.TP2~ #0 #7 // Extended Reynald Sequence: v3.5
~SETUP-D0QUESTPACK.TP2~ #0 #8 // Intrigue In The Copper Coronet: v3.5
~SETUP-D0QUESTPACK.TP2~ #0 #9 // Rahul Kanakia's Potion Quest: v3.5
~SETUP-D0QUESTPACK.TP2~ #0 #10 // Revised Hell Trials: v3.5
~SETUP-D0QUESTPACK.TP2~ #0 #11 // Improved Oasis II -> IO2 Dialogue & Combat Enhancement: v3.5
~SETUP-D0QUESTPACK.TP2~ #0 #13 // Saving Sanik In Brynnlaw: v3.5
~SETUP-D0QUESTPACK.TP2~ #0 #14 // Burglary Of The Bookkeeper: v3.5
~SETUP-D0QUESTPACK.TP2~ #0 #15 // New Fate For The Dryads' Acorns: v3.5
~SETUP-D0QUESTPACK.TP2~ #0 #16 // The Tragedy Of Besamen: v3.5
~SETUP-D0QUESTPACK.TP2~ #0 #17 // Further Slaver Involvement: v3.5
~SETUP-D0QUESTPACK.TP2~ #0 #19 // Nazariel The Lich: v3.5
~SETUP-D0QUESTPACK.TP2~ #0 #20 // Reward Negotiation: v3.5
~SETUP-D0QUESTPACK.TP2~ #0 #21 // Infernal Thievery: v3.5
~ALTERNATIVES/SETUP-ALTERNATIVES.TP2~ #0 #0 // Alternatives: v15
~IMOEN_FOREVER/IMOEN_FOREVER.TP2~ #0 #9 // Imoen 4 Ever in BGII: Compatibility with Alternatives and Saerileth: v11.4
~IMOEN_FOREVER/IMOEN_FOREVER.TP2~ #0 #11 // Imoen 4 Ever in SoD: Imoen Returns to PC in First Coalition Camp (bd1000): v11.4
~IMOEN_FOREVER/IMOEN_FOREVER.TP2~ #0 #12 // Imoen 4 Ever in SoD: Imoen Gives Better Reason to Stay Behind in Palace: v11.4
~IMOEN_FOREVER/IMOEN_FOREVER.TP2~ #0 #13 // Imoen 4 Ever in SoD: Play Cutscene With Imoen and Duke Jannath: v11.4
~IMOEN_FOREVER/IMOEN_FOREVER.TP2~ #0 #14 // Imoen 4 Ever in SoD: Give Imoen Dialogue Content in Chapters 8-12: v11.4
~IMOEN_FOREVER/IMOEN_FOREVER.TP2~ #0 #20 // Imoen's chest moves with the campaign, too: v11.4
~TURNABOUT/SETUP-TURNABOUT.TP2~ #0 #0 // Ascension: Turnabout: v1.8
~TURNABOUT/SETUP-TURNABOUT.TP2~ #0 #1 // Balthazar Epilogue Portrait, by Cliffette: v1.8
~KIMNPC/SETUP-KIMNPC.TP2~ #2 #0 // Kim for BG2:SOA (ToB: required) version 1.62d: v1.7
~IYLOS/IYLOS.TP2~ #0 #0 // Iylos NPC for BGII:ToB: 2.7.2
~IYLOS/IYLOS.TP2~ #0 #1 // Install extended content (PID, more interjections, friendship, scenery & plot dialogues)?: 2.7.2
~IYLOS/IYLOS.TP2~ #0 #5 // How much time would you like in between Iylos' PC dialogues? -> 45 Minutes: 2.7.2
~LONGERROAD/LONGERROAD.TP2~ #0 #0 // Longer Road: 2.0.7
~LONGERROAD/LONGERROAD.TP2~ #0 #1 // Restore Irenicus's original portrait from SoA.: 2.0.7
~STAR/STAR.TP2~ #0 #0 // Silver Star NPC Mod for BGII:SoA: v2.0.0
~FALDORNBG2/FALDORNBG2.TP2~ #0 #0 // Faldorn NPC for BG2EE: 1.3
~ALORA/ALORA.TP2~ #0 #0 // Chosen of Mystra's Alora NPC Mod (Requires Throne of Bhaal): 2.0
~BRANWEN/BRANWEN.TP2~ #0 #0 // Branwen BG2 NPC mod for players and modders: v8pre
~MUR'NETH/MUR'NETH.TP2~ #0 #0 // The Mur'Neth NPC Mod: v14
~INDINPC/INDINPC.TP2~ #0 #0 // Indira NPC: v15.1
~INDINPC/INDINPC.TP2~ #0 #1 // Install Interjections for Indira (BETA): v15.1
~AURENASEPH/SETUP-AURENASEPH.TP2~ #0 #0 // Auren Aseph for BG2:ToB: v12
~ARATH/ARATH.TP2~ #0 #0 // Arath NPC for BGII: SoA & ToB: v6
~BRISTLELICK/BRISTLELICK.TP2~ #0 #0 // Bristlelick—the gnoll companion for BGEE: v2.3
~TIAX/TIAX.TP2~ #0 #0 // Tiax NPC MOD for Baldur's Gate II: v6
~WILSONCHRONICLES/WILSONCHRONICLES.TP2~ #0 #0 // Wilson Chronicles - expansion for our favorite bear companion: v2.4.1
~ANGELO/SETUP-ANGELO.TP2~ #0 #0 // Angelo NPC MOD for Baldur's Gate II: v9
~JANQUEST/SETUP-JANQUEST.TP2~ #1 #0 // Jan's Extended Quest
~WALAHNAN/WALAHNAN.TP2~ #0 #0 // Walahnan NPC for BGEE: v2.0
~FHAUGY/FHAUGY.TP2~ #0 #0 // Fhaugy - Baldur's Gate 2: EE NPC: v1.03
~YOSHIMOSREMORSE/YOSHIMOSREMORSE.TP2~ #0 #0 // Yoshimo's Remorse: v3.1.1
~SARAHTOB/SETUP-SARAHTOB.TP2~ #0 #0 // Sarah NPC Romance Mod for BG2:ToB -> Use original audio: v8
~WALAHNANBG2/WALAHNANBG2.TP2~ #0 #0 // Walahnan NPC for BG2EE: 1.00
~GAHESH/GAHESH.TP2~ #0 #0 // Gahesh NPC: 2.1
~DVARADIME/DVARADIME.TP2~ #0 #0 // Dvaradime - Baldur's Gate 2: EE NPC: v1.6
~HALDAMIR/SETUP-HALDAMIR.TP2~ #0 #0 // Haldamir: v4
~THEBEAURINLEGACY/THEBEAURINLEGACY.TP2~ #0 #1000 // The Beaurin Legacy for BG2:SoA & ToB & BGII:EE: v5.3
~VARSHOON/VARSHOON.TP2~ #0 #0 // Varshoon - an illithid NPC for BG2: v8.1.1
~VALKRANA/SETUP-VALKRANA.TP2~ #0 #0 // Valkrana Companion NPC Mod for BG2EE: v1.01.09
~ISHLILKAMOD-SETUP.TP2~ #0 #0 // Ishlilka mod for BG [FULL VERSION 1.3]
~OPHYSIABG1/OPHYSIABG1.TP2~ #0 #0 // Ophysia, a Skald companion for BG:EE and SoD
~OPHYSIABG1/OPHYSIABG1.TP2~ #0 #1 // Optional: Give Ophysia interjections throughout BG1 content?
~DEARNISE/DEARNISE.TP2~ #0 #0 // de'Arnise Romance for Baldur's Gate II: v7
~NALIA_AT_LAST/SETUP-NALIA_AT_LAST.TP2~ #0 #0 // Nalia at Last: A ToB Romance MoD.: 1.11
~LUXLEYSOA/LUXLEYSOA.TP2~ #0 #0 // Luxley Family Mod for BGII:SoA: v2.0.0
~LUXLEYSOA/LUXLEYSOA.TP2~ #0 #1 // Portraits for non-joinable NPCs: v2.0.0
~CORTHALAROMANTIQUE/CORTHALAROMANTIQUE.TP2~ #0 #0 // Corthala Romantique - Main Valygar Romance: v5
~CORTHALAROMANTIQUE/CORTHALAROMANTIQUE.TP2~ #0 #1 // Corthala Romantique - Bathing scene: v5
~CORTHALAROMANTIQUE/CORTHALAROMANTIQUE.TP2~ #0 #2 // Install Leonora Content: A Guard for the Sphere: v5
~WINGS/SETUP-WINGS.TP2~ #0 #0 // Wings for BG2:EE
~WINGS/SETUP-WINGS.TP2~ #0 #1 // Restore missing banters?
~KELDORN_ROM/KELDORN_ROM.TP2~ #0 #0 // berelinde's Keldorn Romance: 8.1
~KELDORN_ROM/KELDORN_ROM.TP2~ #0 #1 // Romance Match -> Romance is available to LG/NG protagonists only (Recommended): 8.1
~KELDORN_ROM/KELDORN_ROM.TP2~ #0 #8 // Select Keldorn's dialogue timer: -> Speed (Default): minimum 30 minutes (SoA)/45 minutes (ToB) real time between dialogues: 8.1
~KORGAN/KORGAN.TP2~ #1 #0 // Korgan's Redemption: v10.0.1
~CALIN/CALIN.TP2~ #0 #0 // Calin for BG2: v1.3
~CALIN/CALIN.TP2~ #0 #104 // Select Calin's dialogue timer: (default is one hour; please note that only timered talks are affected by this) -> 45 minutes real time minimum between dialogues: v1.3
~FINCHNPC/FINCHNPC.TP2~ #0 #0 // Finch NPC: v6.0
~CORAN/CORAN.TP2~ #0 #0 // Coran NPC MOD for Baldur's Gate II: v9
~CORAN/CORAN.TP2~ #0 #1 // Delete old Coran from the Forest of Tethyr (RECOMMENDED): v9
~SKIECOST/SKIECOST.TP2~ #0 #0 // Skie: The Cost of One Girl's Soul - New quest for Baldur's Gate 2 EE: v6.2.1
~SKIECOST/SKIECOST.TP2~ #0 #1 // Skie: The Cost of One Girl's Soul - Allow Skie to return as a joinable NPC: v6.2.1
~SKIECOST/SKIECOST.TP2~ #0 #3 // Skie: The Cost of One Girl's Soul - The Return of Eddard Silvershield (quest & a joinable NPC): v6.2.1
~SKIECOST/SKIECOST.TP2~ #0 #5 // Skie: The Cost of One Girl's Soul - Add brand new SoD-oriented items to BG2: v6.2.1
~LCA/LCA.TP2~ #0 #0 // Love Conquers All (LCA)
~KIVAN/SETUP-KIVAN.TP2~ #0 #100 // Kivan of Shilmista: v19
~ADRIAN/ADRIAN.TP2~ #0 #0 // Adrian for BGII -> Adrian is a Sorcerer: v6.1
~ADRIAN/ADRIAN.TP2~ #0 #30 // Adrian Tolerates High Reputation -> Always: v6.1
~GAVIN/GAVIN.TP2~ #0 #0 // Gavin NPC for Tutu, BGT, and BG:EE: v15
~GAVIN/GAVIN.TP2~ #0 #1 // Gavin: Romance (mature content) -> Speed: 1 hour real time (standard) minimum between LoveTalks: v15
~GAVIN/GAVIN.TP2~ #0 #2 // Gavin: Flirts (adult content): v15
~GAVIN_BG2/SETUP-GAVIN_BG2.TP2~ #0 #0 // Gavin for BG2 -> Speed: 1 hour real time minimum between dialogues: v24
~GAVIN_BG2/SETUP-GAVIN_BG2.TP2~ #0 #1 // Gavin heals the PC when below 50% health  (Can be disabled or enabled via player-initiated dialogue): v24
~GAVIN_BG2/SETUP-GAVIN_BG2.TP2~ #0 #3 // Multi-romance cheat: v24
~VALERIE/VALERIE.TP2~ #0 #0 // Valerie NPC Mod for BG1 Tutu, BGT BG:EE and EET: v1.2
~YESLICKNPC/YESLICKNPC.TP2~ #0 #1 // Yeslick NPC for BGII: SoA & ToB -> Yeslick is a Fighter-Alaghor of Clangeddin (cleric kit): v5.0
~GLAMNPCPACK/SETUP-GLAMNPCPACK.TP2~ #0 #0 // Glam's NPC Pack for BG:EE, BGT and BG TUTU: v5
~ISRA/ISRA.TP2~ #0 #0 // Isra NPC Mod for BG:EE, EET, BGT and TuTu: v3.5
~ISRA/ISRA.TP2~ #0 #1 // Valerie/Isra crossmod content: v3.5
~ISRA/ISRA.TP2~ #0 #2 // Gavin/Isra crossmod content: v3.5
~XAN/XAN.TP2~ #0 #0 // Xan NPC MOD for Baldur's Gate II: v19
~XAN/XAN.TP2~ #0 #6 // Xan's Alternate Voice by Joey Bracken: v19
~DJINNICOMPANION/DJINNICOMPANION.TP2~ #0 #0 // Afaaq, the Djinni Companion -> Full Version (includes quests, banters and more): v2.11
~DJINNICOMPANION/DJINNICOMPANION.TP2~ #0 #200 // Remove Afaaq's banter soundtrack?: v2.11
~EVANDRA/SETUP-EVANDRA.TP2~ #0 #0 // Evandra NPC: v2.2
~NEPHELE/NEPHELE.TP2~ #0 #0 // Nephele NPC Mod for BGII: SoA & ToB: v2.7
~PETSY/PETSY.TP2~ #0 #0 // Petsy Chattertone: 4.2
~PETSY/PETSY.TP2~ #0 #1 // Petsy/Nephele crossmod banters: 4.2
~YVETTE/SETUP-YVETTE.TP2~ #0 #0 // Yvette Romance - BG2 Romance Character: 5.1
~YVETTE/SETUP-YVETTE.TP2~ #0 #1 // Yvette Romance - alternative class (Pure Heartwarder): 5.1
~VERRBG2/VERRBG2.TP2~ #0 #0 // Verr'Sza – the rakshasa NPC for BG2EE: v2.2
~NINDE/NINDE.TP2~ #0 #0 // Ninde NPC Mod for BGII: v3.0
~DACE/DACE.TP2~ #0 #0 // Dace Linton NPC Mod for BG2:SoA & ToB: v5.1
~DACE/DACE.TP2~ #0 #1 // Install alternate portrait by Ilmatar?: v5.1
~ISRA_BG2/ISRA_BG2.TP2~ #0 #0 // Isra for BGII: v3.1
~TASHIA/TASHIA.TP2~ #0 #0 // Tashia NPC Mod -> Full Version: v1.5
~TASHIA/TASHIA.TP2~ #0 #3 // Tashia Add-On Pack (by Bri and Lord Ernie) -> Baldurized Dialogues: v1.5
~TYRISFLARE/SETUP-TYRISFLARE.TP2~ #0 #0 // Tyris Flare NPC: v12
~AMBER/AMBER.TP2~ #0 #0 // Amber the NPC MOD: v9
~FADE/SETUP-FADE.TP2~ #0 #0 // Fade: An NPC for Baldur's Gate II: SoA and ToB: 5.6
~FADE/SETUP-FADE.TP2~ #0 #1 // Fade NPC: reactions to Romantic Encounters (RE may be installed before or after this component): 5.6
~FADE/SETUP-FADE.TP2~ #0 #2 // Fade EE: give Fade Shadowdancer kit: 5.6
~WILLOWISP/WILLOWISP.TP2~ #0 #0 // Will NPC, shaman stronghold and new shaman kit for BG2EE: v3.3
~WILLOWISP/WILLOWISP.TP2~ #0 #3 // Town Medium (Shaman) Kit: v3.3
~WILLOWISP/WILLOWISP.TP2~ #0 #4 // New items for shamans and undead NPCs: v3.3
~WILLOWISP/WILLOWISP.TP2~ #0 #5 // Optional: Drider, Dark Treant, Will-o'-wisp Enemies: v3.3
~WILLOWISP/WILLOWISP.TP2~ #0 #6 // [CHEAT] Enable shaman stronghold for all classes: v3.3
~FOUNDLING/FOUNDLING.TP2~ #0 #0 // Foundling: Between the Shades -> Yes, but don't patch the existing save games: v5.5.1
~SIRENE_BG2/SIRENE_BG2.TP2~ #0 #0 // Sirene NPC for BG2:EE
~PAINA/PAINA.TP2~ #0 #0 // Pai'Na NPC for BG2:EE
~HELGA/SETUP-HELGA.TP2~ #0 #0 // Helga NPC Mod: 1.56
~HELGA/SETUP-HELGA.TP2~ #0 #1 // Helga Alternate Class: Fighter/Priest of Haela -> Fighter/Priest of Haela (Fighter Multi-class): 1.56
~RECORDER/SETUP-RECORDER.TP2~ #0 #0 // Recorder NPC MoD: 1.51
~VIENXAY/VIENXAY.TP2~ #0 #0 // Vienxay NPC for BG1EE: 1.67
~EMILY/EMILY.TP2~ #0 #0 // Emily NPC for BG1EE: 1.65
~KALE/KALE.TP2~ #0 #0 // Kale NPC for BG1EE and SoD: 1.69
~KALE/KALE.TP2~ #0 #1 // Give Kale the Warden Class? (Recommended) -> Warden(Fighter Kit): 1.69
~SKITIANPCS/SETUP-SKITIANPCS.TP2~ #0 #0 // Skitia NPCs for Baldur's Gate 2: 1.1
~SKITIANPCS/SETUP-SKITIANPCS.TP2~ #0 #1 // Helga Alternate Class: Fighter/Priest of Haelga -> Priest of Haelga (Fighter Multi-class): 1.1
~SKITIANPCS/SETUP-SKITIANPCS.TP2~ #0 #3 // Skitia NPCs: Romance Theme Soundtrack -> No Romance Theme Music: 1.1
~SKITIANPCS/SETUP-SKITIANPCS.TP2~ #0 #4 // Helga Portrait -> Helga Alt Portrait By Acifer: 1.1
~SKITIANPCS/SETUP-SKITIANPCS.TP2~ #0 #6 // Kale Portrait -> Kale Alt Portrait By Acifer: 1.1
~SKITIANPCS/SETUP-SKITIANPCS.TP2~ #0 #14 // Lorekeeper tweak: Extend Mmnemonic Retrieval to match IWD Spell Progression? -> IWD Progression: 1.1
~KVEL_BG1/SETUP-KVEL_BG1.TP2~ #0 #0 // Kvel NPC for Baldur's Gate: Enhanced Edition
~AURA_BG1/SETUP-AURA_BG1.TP2~ #0 #0 // Aura NPC for Baldur's Gate: Enhanced Edition: 3.3
~AURA_BG1/SETUP-AURA_BG1.TP2~ #0 #2 // Choose a class for Aura: -> Illusionist / Artificer (Mage / Thief): 3.3
~AURA_BG1/SETUP-AURA_BG1.TP2~ #0 #4 // Choose a portrait for Aura: -> Default Portrait (The Artisan): 3.3
~AJANTISBG1/SETUP-AJANTISBG1.TP2~ #0 #0 // Installs Ajantis BG1 Expansion Modification: 21
~AJANTISBG1/SETUP-AJANTISBG1.TP2~ #0 #1 // Install the unique BG:EE BAM for Ajantis' Family Shield: 21
~HIDDENADVENTURE/HIDDENADVENTURE.TP2~ #1 #0 // Lady Elgea's extended plot: Beta_9
~HIDDENADVENTURE/HIDDENADVENTURE.TP2~ #1 #2 // Jerlia's Ore Shop: Beta_9
~HIDDENADVENTURE/HIDDENADVENTURE.TP2~ #1 #3 // Elven holy water in the Temple of Lathander: Beta_9
~HIDDENADVENTURE/HIDDENADVENTURE.TP2~ #1 #4 // Wave Blade in Treasury: Beta_9
~HIDDENADVENTURE/HIDDENADVENTURE.TP2~ #1 #5 // Silver Dagger in Irenicus Dungeon: Beta_9
~HIDDENADVENTURE/HIDDENADVENTURE.TP2~ #1 #8 // Silver Sword: Beta_9
~HIDDENADVENTURE/HIDDENADVENTURE.TP2~ #1 #9 // A Tunnel for Saradush: Beta_9
~HIDDENADVENTURE/HIDDENADVENTURE.TP2~ #1 #10 // Temple of Mask in Docks District: Beta_9
~HIDDENADVENTURE/HIDDENADVENTURE.TP2~ #1 #6 // Bards can spend the night at their stronghold (Five Flagons): Beta_9
~AJANTISBG2/AJANTISBG2.TP2~ #1 #0 // Sir Ajantis NPC for BGII: 20
~AJANTISBG2/AJANTISBG2.TP2~ #1 #1 // Install the unique BG(II):EE BAM for Ajantis' Family Shield: 20
~AJANTISBG2/AJANTISBG2.TP2~ #1 #3 // Installation of adult romance content: 20
~AJANTISBG2/AJANTISBG2.TP2~ #1 #41 // Select Ajantis' Friendship Dialogues and Romance Speed: -> Speed: 45 minutes real time minimum between Dialogues: 20
~AUTUMNS_TWILIGHT/AUTUMNS_TWILIGHT.TP2~ #1 #0 // Autumn's Twilight MOD: v1.3
~AUTUMNS_TWILIGHT/AUTUMNS_TWILIGHT.TP2~ #1 #1 // Enemy Difficulty: Hard: v1.3
~C#HUSAM/C#HUSAM.TP2~ #0 #0 // Husam NPC for SoD, BGT, BGII:EE, BGII:ToB, and EET: Beta_231118
~C#HUSAM/C#HUSAM.TP2~ #0 #1 // Assign the mod's portrait and soundset to the original Husam in game: Beta_231118
~C#HUSAM/C#HUSAM.TP2~ #0 #21 // Install Alternate Portrait -> Default, by Acifer (included in main component): Beta_231118
~ACBRE/ACBRE.TP2~ #1 #0 // Breagar: Contents: 12.2.1
~ACBRE/ACBRE.TP2~ #1 #10 // Change Breagar's dialog timer? (Default is 30 minutes between dialogues.) -> 45 minutes real time between talks: 12.2.1
~THALAN/THALAN.TP2~ #0 #0 // Thalantyr Item Upgrade: v4.5.1
~C#BRAGE/C#BRAGE.TP2~ #0 #0 // Brage's Redemption - Brage Joinable NPC for Baldur's Gate: 9.1
~C#BRAGE/C#BRAGE.TP2~ #0 #1 // Assign the mod's portrait and soundset to the original Brage in game.: 9.1
~C#BRANDOCK/C#BRANDOCK.TP2~ #0 #0 // Brandock the Mage: v1.6
~C#BRANDOCK/C#BRANDOCK.TP2~ #0 #23 // Install Alternate Portrait -> Default Portrait: Insecure, by Acifer (is included in the main component): v1.6
~C#BRANDOCK/C#BRANDOCK.TP2~ #0 #50 // Use Short Cutscene in Thalantyr's Abode: v1.6
~EXTRAEXPANDEDENHANCEDENCOUNTERS/EXTRAEXPANDEDENHANCEDENCOUNTERS.TP2~ #0 #0 // EEEE: Melia Quicknight, Crossroads: 4.3
~EXTRAEXPANDEDENHANCEDENCOUNTERS/EXTRAEXPANDEDENHANCEDENCOUNTERS.TP2~ #0 #1 // EEEE: Bimmy's Badgering Bandits: 4.3
~EXTRAEXPANDEDENHANCEDENCOUNTERS/EXTRAEXPANDEDENHANCEDENCOUNTERS.TP2~ #0 #2 // EEEE: Reinforced Gnoll Stronghold: 4.3
~EXTRAEXPANDEDENHANCEDENCOUNTERS/EXTRAEXPANDEDENHANCEDENCOUNTERS.TP2~ #0 #3 // EEEE: Bear Encounter near the Gnoll Stronghold: 4.3
~EXTRAEXPANDEDENHANCEDENCOUNTERS/EXTRAEXPANDEDENHANCEDENCOUNTERS.TP2~ #0 #4 // EEEE: Xan's New Grove (new items in Mulahey's cave): 4.3
~EXTRAEXPANDEDENHANCEDENCOUNTERS/EXTRAEXPANDEDENHANCEDENCOUNTERS.TP2~ #0 #5 // EEEE: Daenni's Bridge Bandits: 4.3
~EXTRAEXPANDEDENHANCEDENCOUNTERS/EXTRAEXPANDEDENHANCEDENCOUNTERS.TP2~ #0 #6 // EEEE: The Fire Drake in the Wyvern Cave: 4.3
~EXTRAEXPANDEDENHANCEDENCOUNTERS/EXTRAEXPANDEDENHANCEDENCOUNTERS.TP2~ #0 #7 // EEEE: Undercity Magma Bulwark Encounter; Red Skeleton-(U.M.B.E.R.S.): 4.3
~RJALI/SETUP-RJALI.TP2~ #0 #0 // Parking Expedite -> No Other Mod Timing Adjustments: v12.5
~RJALI/SETUP-RJALI.TP2~ #0 #3 // Rjali Romance Mod (BG2EE:SoA & TOB NPC) created by nullset: v12.5
~C#GREYTHEDOG/SETUP-C#GREYTHEDOG.TP2~ #0 #0 // Grey The Dog NPC: 10
~C#GREYTHEDOG/SETUP-C#GREYTHEDOG.TP2~ #0 #22 // Grey the Dog: Alternate Portrait -> Default Portrait: Newly Done with Collar, by Acifer (is included in the main component): 10
~BG1NPC/BG1NPC.TP2~ #0 #200 // The BG1 NPC Project: Player-Initiated Dialogues: v32
~SKIECOST/SKIECOST.TP2~ #0 #2 // Skie: The Cost of One Girl's Soul - Add Player-Initiated Dialogue (PID) for Skie: v6.2.1
~SKIECOST/SKIECOST.TP2~ #0 #4 // Skie: The Cost of One Girl's Soul - Add Player-Initiated Dialogue (PID) for Eddard: v6.2.1
~INLOVEUNDEATH/INLOVEUNDEATH.TP2~ #0 #2 // Xzele: Player-Initiated Dialogues: v1.8.2
~JUNIPERANDTHESTONELEECH/JUNIPERANDTHESTONELEECH.TP2~ #0 #1 // The Dreadful Tales: Juniper and the Stone Leech - Player-Initiated Dialogues for Juniper: v1.8
~WHINHILL/WHINHILL.TP2~ #0 #3 // The Journey to the Whin Hill: Player-Initiated Dialogues for the optional companion - Afu-Zuuvi: v1.3.1
~IMOEN_FOREVER/IMOEN_FOREVER.TP2~ #0 #25 // Imoen 4 Ever in SoD: Give Imoen PID during chapters 8 to 12: v11.4
~FALDORNBG2/FALDORNBG2.TP2~ #0 #1 // Faldorn NPC for BG2EE: Player-Initiated Dialogues (PIDs): 1.3
~FHAUGY/FHAUGY.TP2~ #0 #1 // Fhaugy: Player-Initiated Dialogues (PIDs): v1.03
~WALAHNANBG2/WALAHNANBG2.TP2~ #0 #1 // Walahnan NPC for BG2EE: Player-Initiated Dialogues: 1.00
~DVARADIME/DVARADIME.TP2~ #0 #1 // Dvaradime - Player-Initiated Dialogue: v1.6
~GAVIN/GAVIN.TP2~ #0 #10 // Gavin: Player Initiated Dialogue: v15
~GARRICK-TT/SETUP-GARRICK-TT.TP2~ #1 #0 // Garrick: Tales of a Troubadour: 1.27
~COWLEDMENACE/SETUP-COWLEDMENACE.TP2~ #0 #1000 // Main Component: 1.0.3
~COWLEDMENACE/SETUP-COWLEDMENACE.TP2~ #0 #2100 // Appropriate Items for High-Level Spellcasters: 1.0.3
~COWLEDMENACE/SETUP-COWLEDMENACE.TP2~ #0 #3000 // Mages cast Gate far from themselves: 1.0.3
~COWLEDMENACE/SETUP-COWLEDMENACE.TP2~ #0 #3020 // Use pre-EE Spell Deflection Globe (EE only) -> For all spells using that animation (recommended): 1.0.3
~CERND/CERND.TP2~ #0 #0 // Cernd Friendship for BG2: ToB: v1.4
~CHATTYIMOEN/CHATTYIMOEN.TP2~ #0 #0 // Chatty Imoen: Expanded Character Sounds: 1.5
~CHATTYIMOEN/CHATTYIMOEN.TP2~ #0 #10 // Chatty Imoen: Add NPC Interactions: 1.5
~CORANBGFRIEND/CORANBGFRIEND.TP2~ #0 #0 // Coran's Extended BG Friendship Talks: v5.2
~DORNFRIENDSHIP/DORNFRIENDSHIP.TP2~ #0 #0 // Dorn Friendship for BG2EE: 1.1
~HAERDALIS_FRIENDSHIP/HAERDALIS_FRIENDSHIP.TP2~ #0 #0 // Haer'Dalis Friendship for BG2: ToB: v1.2
~HEXXATFRIENDSHIP/HEXXATFRIENDSHIP.TP2~ #0 #0 // Hexxat Friendship for BG2EE: 1.2
~IMOENFRIENDSHIP/IMOENFRIENDSHIP.TP2~ #0 #0 // Imoen Friendship: v3.6
~JAHEIRAFRIENDSHIP/JAHEIRAFRIENDSHIP.TP2~ #0 #0 // Jaheira Friendship for BG2/BG2EE: v1.3
~KORGANFRIENDSHIP/KORGANFRIENDSHIP.TP2~ #0 #0 // Korgan Friendship for BG2: ToB: v1.6
~MAZZY/MAZZY.TP2~ #0 #0 // Mazzy Friendship: v3.5
~MINSCFRIENDSHIP/MINSCFRIENDSHIP.TP2~ #0 #0 // Minsc Friendship for BG2 and ToB: v1.3
~NEERABANTERS/NEERABANTERS.TP2~ #0 #10 // Neera Banters: Dialogue Banters and Interjections: v0.9.3
~NEERABANTERS/NEERABANTERS.TP2~ #0 #20 // Neera Banters: Interaction Banters: v0.9.3
~NEERA/NEERA.TP2~ #0 #0 // Neera Expansion: v1.3.1
~NEERA/NEERA.TP2~ #0 #3 // How much time would you like between talks (approximately)? -> 1 hour: v1.3.1
~NEERA/NEERA.TP2~ #0 #6 // Make Neera romanceable by women: v1.3.1
~SAREVOKFRIENDSHIP/SAREVOKFRIENDSHIP.TP2~ #0 #0 // Sarevok Friendship for BGII: ToB: v2.7
~VALYGARFRIENDSHIP/VALYGARFRIENDSHIP.TP2~ #0 #0 // Valygar Corthala Friendship: v1.5
~VICONIA/VICONIA.TP2~ #0 #0 // Viconia Friendship: v4.5
~XANBG1FRIEND/SETUP-XANBG1FRIEND.TP2~ #0 #0 // Xan's friendship path for BG1: v11
~YOSHIMO/YOSHIMO.TP2~ #0 #0 // Yoshimo Friendship Mod for BGII: SoA: v5.0
~IEPBANTERS/IEPBANTERS.TP2~ #0 #0 // Extended NPC-NPC Interaction SoA: v5.9
~IEPBANTERS/IEPBANTERS.TP2~ #0 #1 // Extended Minsc/Aerie Interaction ToB: v5.9
~IEPBANTERS/IEPBANTERS.TP2~ #0 #2 // Imoen "Retrospection" dialogue for BGII: ToB: v5.9
~IEPBANTERS/IEPBANTERS.TP2~ #0 #3 // Wake-Up dialogue for Anomen Romance (By David Gaider with additions from Kulyok): v5.9
~IEPBANTERS/IEPBANTERS.TP2~ #0 #4 // NPC Conflict Revisions: v5.9
~IEPBANTERS/IEPBANTERS.TP2~ #0 #5 // Restored Aerie/Jaheira/Anomen interjection in Underdark: v5.9
~IEPBANTERS/IEPBANTERS.TP2~ #0 #10 // Install Banter Accelerator? How much time would you like in between NPC banters in-game? -> 45 Minutes: v5.9
~BANTERPACK/SETUP-BANTERPACK.TP2~ #0 #0 // Pocket Plane Banter Pack for BG2: Shadows of Amn: v18
~BANTERPACK/SETUP-BANTERPACK.TP2~ #0 #1 // Install SOA Banter Accelerator script? (Increases the frequency of interparty banter): v18
~BANTERPACK/SETUP-BANTERPACK.TP2~ #0 #2 // Pocket Plane Banter Pack for BG2: Throne of Bhaal: v18
~BANTERPACK/SETUP-BANTERPACK.TP2~ #0 #3 // Install TOB Banter Accelerator script? (Increases the frequency of interparty banter): v18
~ITEMUPGRADE/ITEMUPGRADE.TP2~ #0 #10 // Shadows Of Amn Item Upgrades -> Revised Version (new upgrades presented in the same style as existing upgrades): v55
~ITEMUPGRADE/ITEMUPGRADE.TP2~ #0 #11 // Throne Of Bhaal Item Upgrades -> Revised Version (new upgrades presented in the same style as existing upgrades): v55
~ITEMUPGRADE/ITEMUPGRADE.TP2~ #0 #12 // Install supplemental Cespenar audio for Item Upgrade: v55
~SOD2BG2_IU/SOD2BG2_IU.TP2~ #0 #0 // SoD to BG2:EE Item upgrade by Daeros_Trollkiller: v2.0.5
~SOD2BG2_IU/SOD2BG2_IU.TP2~ #0 #2 // Remove "Corny Jokes" effect from Jester's Bracers (BG2EE, BGEET): v2.0.5
~SOD2BG2_IU/SOD2BG2_IU.TP2~ #0 #5 // Update resist type for original Shadow Dragonscale Armor for consistency with new variants:  Acid -> Magic Damage): v2.0.5
~SOD2BG2_IU/SOD2BG2_IU.TP2~ #0 #8 // Force all import-able SoD items to be available in their normal locations ****Requires starting a new game**** -> All importable items with randomized Voidhammer +3/Voidsword +3: v2.0.5
~SOD2BG2_IU/SOD2BG2_IU.TP2~ #0 #9 // Change Cromwell's equipment to be more in-line with his forging skills: v2.0.5
~SOD2BG2_IU/SOD2BG2_IU.TP2~ #0 #13 // Allow choice of weapon imported from Baldur's Gate into Irenecus' dungeon -> Bala's Axe, Wizard Slayer: v2.0.5
~SOD2BG2_IU/SOD2BG2_IU.TP2~ #0 #23 // Allow choice of armor imported from Baldur's Gate into Irenecus' dungeon -> Protector of the Second +2: v2.0.5
~SOD2BG2_IU/SOD2BG2_IU.TP2~ #0 #27 // Allow choice of item imported from Baldur's Gate into Irenecus' dungeon -> Helm of Balduran: v2.0.5
~ITEM_REV/ITEM_REV.TP2~ #0 #0 // Item Revisions by Demivrgvs: V4 Beta 10
~SOD2BG2_IU/SOD2BG2_IU.TP2~ #0 #4 // Update names, appearances, icons, and lore values of existing dragonscale-based items to be consistent across Baldur's Gate 1, 2, and with new items introduced by this mod.  ***These changes are cosmetic only***: v2.0.5
~SOD2BG2_IU/SOD2BG2_IU.TP2~ #0 #31 // Cosmetic Enhancements for Existing Items (does not affect function): v2.0.5
~VALHORN/SETUP-VALHORN.TP2~ #0 #0 // Improved Horns of Valhalla: v2
~OFHEIRLOOMSANDCLASSES/OFHEIRLOOMSANDCLASSES.TP2~ #0 #0 // Of Heirlooms and Classes - new forgeable artifacts for different classes: v2.2
~AJANTISBG1/SETUP-AJANTISBG1.TP2~ #0 #30 // Ajantis SoD NPC: Crossmod Content: 21
~ISRA_BG2/ISRA_BG2.TP2~ #0 #1 // Isra Crossmod Content: v3.1
~ACBRE/ACBRE.TP2~ #1 #2 // Breagar: Crossmods and PID: 12.2.1
~C#BRANDOCK/C#BRANDOCK.TP2~ #0 #10 // Brandock the Mage: Crossmod Content: v1.6
~C#GREYTHEDOG/SETUP-C#GREYTHEDOG.TP2~ #0 #10 // Grey the Dog: Crossmod Content: 10
~ADRIAN/ADRIAN.TP2~ #0 #20 // Crossmod content: v6.1
~EVANDRA/SETUP-EVANDRA.TP2~ #0 #1 // Crossmod Content: v2.2
~C#HUSAM/C#HUSAM.TP2~ #0 #10 // Husam NPC: Crossmod Content: Beta_231118
~HIDDENADVENTURE/HIDDENADVENTURE.TP2~ #1 #1 // Anomen's extended plot: Beta_9
~C#BRAGE/C#BRAGE.TP2~ #0 #5 // Give Brage unique Two-Handed Sword +1: 9.1
~C#BRAGE/C#BRAGE.TP2~ #0 #10 // Brage's Redemption: Crossmod Content: 9.1
~SPELL_REV/SETUP-SPELL_REV.TP2~ #0 #0 // Spell Revisions: v4.19
~SPELL_REV/SETUP-SPELL_REV.TP2~ #0 #10 // Deva and Planetar Animations: v4.19
~SPELL_REV/SETUP-SPELL_REV.TP2~ #0 #20 // Mirror Image Fix: v4.19
~SPELL_REV/SETUP-SPELL_REV.TP2~ #0 #30 // Dispel Magic Fix: v4.19
~SPELL_REV/SETUP-SPELL_REV.TP2~ #0 #55 // Spell Deflection blocks AoE spells: v4.19
~SPELL_REV/SETUP-SPELL_REV.TP2~ #0 #60 // Update Spellbooks of Joinable NPCs: v4.19
~SPELL_REV/SETUP-SPELL_REV.TP2~ #0 #70 // Revised Saving Throws: v4.19
~A7-GOLEMCONSTRUCTION/A7-GOLEMCONSTRUCTION.TP2~ #0 #0 // Golem Construction Ability for Spellcasters: 6.4
~A7-GOLEMCONSTRUCTION/A7-GOLEMCONSTRUCTION.TP2~ #0 #10 // Replace original Golem Manual: 6.4
~A7-GOLEMCONSTRUCTION/A7-GOLEMCONSTRUCTION.TP2~ #0 #20 // Golems for enemy spellcasters: 6.4
~A7-GOLEMCONSTRUCTION/A7-GOLEMCONSTRUCTION.TP2~ #0 #25 // Greater variety of enemy golem types: 6.4
~A7-GOLEMCONSTRUCTION/A7-GOLEMCONSTRUCTION.TP2~ #0 #30 // Fighter Stronghold golems may continue to serve you: 6.4
~A7-GOLEMCONSTRUCTION/A7-GOLEMCONSTRUCTION.TP2~ #0 #35 // Make golems vulnerable to specific spell effects: 6.4
~A7-GOLEMCONSTRUCTION/A7-GOLEMCONSTRUCTION.TP2~ #0 #40 // Reduce weapon immunities and resistances for constructed golems: 6.4
~A7-GOLEMCONSTRUCTION/A7-GOLEMCONSTRUCTION.TP2~ #0 #45 // Identify all mod items: 6.4
~A7-GOLEMCONSTRUCTION/A7-GOLEMCONSTRUCTION.TP2~ #0 #50 // Add "Teleport" ability to golems: 6.4
~ITEM_REV/ITEM_REV.TP2~ #0 #1030 // Store Revisions: V4 Beta 10
~IWDIFICATION/SETUP-IWDIFICATION.TP2~ #0 #10 // Icewind Dale Casting Graphics (Andyr): v7
~IWDIFICATION/SETUP-IWDIFICATION.TP2~ #0 #60 // Two-Handed Axe Item Pack: v7
~IWDIFICATION/SETUP-IWDIFICATION.TP2~ #0 #90 // Expanded Polymorph Self: v7
~IWDIFICATION/SETUP-IWDIFICATION.TP2~ #0 #130 // Use IWD Damage Animations: v7
~IWDIFICATION/SETUP-IWDIFICATION.TP2~ #0 #30 // IWD Arcane Spell Pack: v7
~IWDIFICATION/SETUP-IWDIFICATION.TP2~ #0 #40 // IWD Divine Spell Pack: v7
~BG1NPCSOA/BG1NPCSOA.TP2~ #0 #0 // Water Gardens. New Athkatla's district & new quests: 15.4
~BG1NPCSOA/BG1NPCSOA.TP2~ #0 #2 // Shar-Teel NPC in BG2. "Nightbringer of Shar" (SoA): 15.4
~BG1NPCSOA/BG1NPCSOA.TP2~ #0 #3 // New portrait of Shar-Teel (blonde, slightly older): 15.4
~BG1NPCSOA/BG1NPCSOA.TP2~ #0 #6 // Brave Sir Garrick NPC in BG2 (SoA): 15.4
~BG1NPCSOA/BG1NPCSOA.TP2~ #0 #11 // ToB-part for Shar-Teel or/and Yeslick, Garrick, Branwen, Skie, Eldoth: 15.4
~BG1NPCSOA/BG1NPCSOA.TP2~ #0 #35 // Kagain's Corner (SoA & ToB) -> Store with Vanilla Items Only: 15.4
~BG1NPCSOA/BG1NPCSOA.TP2~ #0 #45 // Xzar and Monty Murder Mysteries (SoA & ToB) (R, 18+!): 15.4
~BG1NPCSOA/BG1NPCSOA.TP2~ #0 #87 // Inter Component Banter Pack: 15.4
~CROSSMODBG2/SETUP-CROSSMODBG2.TP2~ #0 #0 // Crossmod Banter Pack for Shadows of Amn Content: v28
~CROSSMODBG2/SETUP-CROSSMODBG2.TP2~ #0 #1 // Crossmod Banter Pack for Throne of Bhaal Content: v28
~HERTHIMONEY/HERTHIMONEY.TP2~ #1 #0 // Component 1. Interjections & Mini-quests (by Austin & Arcanecoast Team): 4.6.2
~HERTHIMONEY/HERTHIMONEY.TP2~ #1 #10 // Component 2. First Calimport Bank Pack (by Scheele & Austin & Arcanecoast Team): 4.6.2
~HERTHIMONEY/HERTHIMONEY.TP2~ #1 #20 // Component 3. Shadow-Covered Love & Death (by Alisia & Austin): 4.6.2
~HERTHIMONEY/HERTHIMONEY.TP2~ #1 #30 // Component 4. The Missing Troll Case (by Alisia & Austin): 4.6.2
~HERTHIMONEY/HERTHIMONEY.TP2~ #1 #40 // Component 5. Unlocked original dialogs of all NPC (by Tipun & Austin): 4.6.2
~SEARCHGUILD/SEARCHGUILD.TP2~ #1 #0 // Detective Guild of Athkatla (by Scheele, Austin & Arcanecoast Team): 1.4.1
~NWNFORBG/SETUP-NWNFORBG.TP2~ #1 #0 // NWN For BG: 0.98
~NWNFORBG/SETUP-NWNFORBG.TP2~ #1 #10 // NWN For BG - Worldmap select (EE-games only) -> Place NWN locations on BP-BGT Worldmap: 0.98
~HOW_EET/SETUP-HOW_EET.TP2~ #1 #0 // Heart of Winter in Baldur's Gate Enhanced Edition (Trilogy): 0.9
~IWD_EET_INTEGRATION/IWD_EET_INTEGRATION.TP2~ #1 #150 // Add HoW access to BG2: 1.2
~IWD_EET_INTEGRATION/IWD_EET_INTEGRATION.TP2~ #1 #155 // Remove Overpowered Items from HoW: 1.2
~A7-TOTLM-BG2EE/A7-TOTLM-BG2EE.TP2~ #0 #0 // Trials of the Luremaster for Baldur's Gate: 4.3
~A7-TOTLM-BG2EE/A7-TOTLM-BG2EE.TP2~ #0 #20 // Rebalance weapons and equipment: 4.3
~A7-TOTLM-BG2EE/A7-TOTLM-BG2EE.TP2~ #0 #31 // Reduce experience from monsters and quests -> Reduce by 50 percent: 4.3
~A7-TOTLM-BG2EE/A7-TOTLM-BG2EE.TP2~ #0 #40 // Allow to trade with Hobart before starting the adventure: 4.3
~CRUCIBLE/CRUCIBLE.TP2~ #0 #3 // Install Crucible -> Mute NPCs: v3.2
~SUBTLED_SPELL_TWEAKS/SUBTLED_SPELL_TWEAKS.TP2~ #0 #10 // Rebalanced Spell Schools: 2.9
~SUBTLED_SPELL_TWEAKS/SUBTLED_SPELL_TWEAKS.TP2~ #0 #25 // Revised Arcane Opposition Schools -> BG2-style Opposition Schools, Low-Level Spells Allowed: 2.9
~SUBTLED_SPELL_TWEAKS/SUBTLED_SPELL_TWEAKS.TP2~ #0 #30 // High-Level Spells Penetrate Magic Resistance: 2.9
~SUBTLED_SPELL_TWEAKS/SUBTLED_SPELL_TWEAKS.TP2~ #0 #36 // Level Drain Effects -> Add a Saving Throw Against Level Drain: 2.9
~SUBTLED_SPELL_TWEAKS/SUBTLED_SPELL_TWEAKS.TP2~ #0 #40 // Revised Illusionary Clones: 2.9
~SUBTLED_SPELL_TWEAKS/SUBTLED_SPELL_TWEAKS.TP2~ #0 #45 // Revised Invisibility and True Seeing: 2.9
~SUBTLED_SPELL_TWEAKS/SUBTLED_SPELL_TWEAKS.TP2~ #0 #50 // Make Haste and Slow Properly Cancel Each Other: 2.9
~SUBTLED_SPELL_TWEAKS/SUBTLED_SPELL_TWEAKS.TP2~ #0 #55 // Cure Spells Bypass Spell Deflection: 2.9
~SUBTLED_SPELL_TWEAKS/SUBTLED_SPELL_TWEAKS.TP2~ #0 #81 // Choose-Your-Own Familiar: 2.9
~SUBTLED_SPELL_TWEAKS/SUBTLED_SPELL_TWEAKS.TP2~ #0 #82 // Pooky's Mod: Imbue Familiars: 2.9
~SUBTLED_SPELL_TWEAKS/SUBTLED_SPELL_TWEAKS.TP2~ #0 #1152 // Improve Faerie Fire: 2.9
~SUBTLED_SPELL_TWEAKS/SUBTLED_SPELL_TWEAKS.TP2~ #0 #1151 // Reduce Damage but Improve Blindness in SR's Sunscorch: 2.9
~SUBTLED_SPELL_TWEAKS/SUBTLED_SPELL_TWEAKS.TP2~ #0 #1202 // Make Barkskin Block One Attack Each Round: 2.9
~SUBTLED_SPELL_TWEAKS/SUBTLED_SPELL_TWEAKS.TP2~ #0 #1207 // Make Goodberry an Out-of-Combat Mass Regeneration: 2.9
~SUBTLED_SPELL_TWEAKS/SUBTLED_SPELL_TWEAKS.TP2~ #0 #1212 // Tweak Slow Poison: 2.9
~SUBTLED_SPELL_TWEAKS/SUBTLED_SPELL_TWEAKS.TP2~ #0 #1251 // Improve Damage and Damage Type of Alicorn Lance: 2.9
~SUBTLED_SPELL_TWEAKS/SUBTLED_SPELL_TWEAKS.TP2~ #0 #1323 // Improve Casting Time of Exaltation and Spiritual Clarity: 2.9
~SUBTLED_SPELL_TWEAKS/SUBTLED_SPELL_TWEAKS.TP2~ #0 #1404 // Change Neutralize Poison into 'Remove Afflictions': 2.9
~SUBTLED_SPELL_TWEAKS/SUBTLED_SPELL_TWEAKS.TP2~ #0 #1451 // Make Smashing Wave Party-Friendly: 2.9
~SUBTLED_SPELL_TWEAKS/SUBTLED_SPELL_TWEAKS.TP2~ #0 #1603 // Set Blade Barrier to be Breachable: 2.9
~SUBTLED_SPELL_TWEAKS/SUBTLED_SPELL_TWEAKS.TP2~ #0 #1609 // Make False Dawn Bypass Magic Resistance: 2.9
~SUBTLED_SPELL_TWEAKS/SUBTLED_SPELL_TWEAKS.TP2~ #0 #1611 // Make Wondrous Recall Restore all 1st- and 2nd-level Spells: 2.9
~SUBTLED_SPELL_TWEAKS/SUBTLED_SPELL_TWEAKS.TP2~ #0 #1613 // Make Physical Mirror Block 1 Attack Per Three Seconds: 2.9
~SUBTLED_SPELL_TWEAKS/SUBTLED_SPELL_TWEAKS.TP2~ #0 #1614 // Make Sol's Searing Orb Easier to Throw: 2.9
~SUBTLED_SPELL_TWEAKS/SUBTLED_SPELL_TWEAKS.TP2~ #0 #1707 // Make Sunray Bypass Magic Resistance: 2.9
~SUBTLED_SPELL_TWEAKS/SUBTLED_SPELL_TWEAKS.TP2~ #0 #1710 // Add Slow Effect to Holy Word: 2.9
~SUBTLED_SPELL_TWEAKS/SUBTLED_SPELL_TWEAKS.TP2~ #0 #2105 // Add 1-Round Blindness Effect to Color Spray: 2.9
~SUBTLED_SPELL_TWEAKS/SUBTLED_SPELL_TWEAKS.TP2~ #0 #2108 // Change Protection from Petrification into 'Mirrored Eyes': 2.9
~SUBTLED_SPELL_TWEAKS/SUBTLED_SPELL_TWEAKS.TP2~ #0 #2116 // Allow Targets of Sleep to Wake on Hit: 2.9
~SUBTLED_SPELL_TWEAKS/SUBTLED_SPELL_TWEAKS.TP2~ #0 #2151 // Change SR Expeditious Retreat into Chameleon: 2.9
~SUBTLED_SPELL_TWEAKS/SUBTLED_SPELL_TWEAKS.TP2~ #0 #2201 // Add Missile Avoidance to Blur: 2.9
~SUBTLED_SPELL_TWEAKS/SUBTLED_SPELL_TWEAKS.TP2~ #0 #2209 // Make Luck Affect Whole Party: 2.9
~SUBTLED_SPELL_TWEAKS/SUBTLED_SPELL_TWEAKS.TP2~ #0 #2212 // Move Mirror Image to 3rd Level: 2.9
~SUBTLED_SPELL_TWEAKS/SUBTLED_SPELL_TWEAKS.TP2~ #0 #2213 // Add Lingering Effects to SR's Stinking Cloud: 2.9
~SUBTLED_SPELL_TWEAKS/SUBTLED_SPELL_TWEAKS.TP2~ #0 #2215 // Make Web Slow Instead of Hold: 2.9
~SUBTLED_SPELL_TWEAKS/SUBTLED_SPELL_TWEAKS.TP2~ #0 #2217 // Change Agannazar's Scorcher to Melf's Fiery Missiles: 2.9
~SUBTLED_SPELL_TWEAKS/SUBTLED_SPELL_TWEAKS.TP2~ #0 #2224 // Improve Glitterdust: 2.9
~SUBTLED_SPELL_TWEAKS/SUBTLED_SPELL_TWEAKS.TP2~ #0 #2251 // Add Deafening Effect On Hit to Decastave: 2.9
~SUBTLED_SPELL_TWEAKS/SUBTLED_SPELL_TWEAKS.TP2~ #0 #2321 // Move Spell Thrust to 1st Level: 2.9
~SUBTLED_SPELL_TWEAKS/SUBTLED_SPELL_TWEAKS.TP2~ #0 #2324 // Make Hold Undead and Control Undead Bypass MR: 2.9
~SUBTLED_SPELL_TWEAKS/SUBTLED_SPELL_TWEAKS.TP2~ #0 #2352 // Increase Range of Icelance: 2.9
~SUBTLED_SPELL_TWEAKS/SUBTLED_SPELL_TWEAKS.TP2~ #0 #2413 // Allow Target of Otiluke's Sphere to Use Inventory Screen: 2.9
~SUBTLED_SPELL_TWEAKS/SUBTLED_SPELL_TWEAKS.TP2~ #0 #2418 // Set Fire Shield and Acid Sheath Spells to be Breachable: 2.9
~SUBTLED_SPELL_TWEAKS/SUBTLED_SPELL_TWEAKS.TP2~ #0 #2451 // Make Shadow Monster Summons More Illusionary: 2.9
~SUBTLED_SPELL_TWEAKS/SUBTLED_SPELL_TWEAKS.TP2~ #0 #2508 // Improve Function of SR's Waves of Fatigue: 2.9
~SUBTLED_SPELL_TWEAKS/SUBTLED_SPELL_TWEAKS.TP2~ #0 #2514 // Give Lower Resistance an Area of Effect: 2.9
~SUBTLED_SPELL_TWEAKS/SUBTLED_SPELL_TWEAKS.TP2~ #0 #2518 // Change Damage Type and School of Phantom Blade: 2.9
~SUBTLED_SPELL_TWEAKS/SUBTLED_SPELL_TWEAKS.TP2~ #0 #25232 // Change Sunfire -> Change Sunfire into 'Scorcher Storm': 2.9
~SUBTLED_SPELL_TWEAKS/SUBTLED_SPELL_TWEAKS.TP2~ #0 #2708 // Change Mantle into 'Iron Skin': 2.9
~SUBTLED_SPELL_TWEAKS/SUBTLED_SPELL_TWEAKS.TP2~ #0 #2711 // Adjust the Effects of Chaos: 2.9
~SUBTLED_SPELL_TWEAKS/SUBTLED_SPELL_TWEAKS.TP2~ #0 #2714 // Change the Effects of Prismatic Spray: 2.9
~SUBTLED_SPELL_TWEAKS/SUBTLED_SPELL_TWEAKS.TP2~ #0 #2808 // Set Moment of Prescience to Not Breachable: 2.9
~SUBTLED_SPELL_TWEAKS/SUBTLED_SPELL_TWEAKS.TP2~ #0 #2811 // Move Symbol: Fear to 7th Level: 2.9
~SUBTLED_SPELL_TWEAKS/SUBTLED_SPELL_TWEAKS.TP2~ #0 #2916 // Move Shapechange to 8th Level: 2.9
~SUBTLED_SPELL_TWEAKS/SUBTLED_SPELL_TWEAKS.TP2~ #0 #2915 // Move Black Blade of Disaster to 8th level: 2.9
~SUBTLED_SPELL_TWEAKS/SUBTLED_SPELL_TWEAKS.TP2~ #0 #2914 // Add Instant Death Effect to Energy Drain: 2.9
~SUBTLED_SPELL_TWEAKS/SUBTLED_SPELL_TWEAKS.TP2~ #0 #2923 // Change Summon Planetar into Summon Noble Genie: 2.9
~CELESTIALS/SETUP-CELESTIALS.TP2~ #0 #0 // PnP Celestials: v10
~CELESTIALS/SETUP-CELESTIALS.TP2~ #0 #1 // Deva and Planetar Animations: v10
~MORPHEUS562-S-KITPACK/MORPHEUS562-S-KITPACK.TP2~ #0 #100 // Install Battle Master Kit: v5.6.1
~MORPHEUS562-S-KITPACK/MORPHEUS562-S-KITPACK.TP2~ #0 #151 // Install Battlerager Kit -> Assign kit to Korgan: v5.6.1
~MORPHEUS562-S-KITPACK/MORPHEUS562-S-KITPACK.TP2~ #0 #160 // Install Death Knight Kit: v5.6.1
~MORPHEUS562-S-KITPACK/MORPHEUS562-S-KITPACK.TP2~ #0 #130 // Install Dragoon Kit: v5.6.1
~MORPHEUS562-S-KITPACK/MORPHEUS562-S-KITPACK.TP2~ #0 #110 // Install Psi Warrior Kit: v5.6.1
~MORPHEUS562-S-KITPACK/MORPHEUS562-S-KITPACK.TP2~ #0 #141 // Install Deathbringer Prestige Kit -> Assign kit to Sarevok: v5.6.1
~MORPHEUS562-S-KITPACK/MORPHEUS562-S-KITPACK.TP2~ #0 #300 // Install Champion of the Silver Flame: v5.6.1
~MORPHEUS562-S-KITPACK/MORPHEUS562-S-KITPACK.TP2~ #0 #320 // Install Reaver Kit: v5.6.1
~MORPHEUS562-S-KITPACK/MORPHEUS562-S-KITPACK.TP2~ #0 #1200 // Kaze no Kama: v5.6.1
~MORPHEUS562-S-KITPACK/MORPHEUS562-S-KITPACK.TP2~ #0 #1103 // Install Stormlord Multiclass Kit for Fighter/Druids -> Do NOT assign kit to Jaheira: v5.6.1
~ARTISANSKITPACK/ARTISANSKITPACK.TP2~ #0 #1 // Artisan's Kitpack: Enable All Classes for All Races: 4.8
~ARTISANSKITPACK/ARTISANSKITPACK.TP2~ #0 #2 // Artisan's Kitpack: Enable Multi-Classes for -> All Races: 4.8
~ARTISANSKITPACK/ARTISANSKITPACK.TP2~ #0 #8001 // Artisan's Kitpack: Pale Master Sorcerer Kit: 4.8
~ARTISANSKITPACK/ARTISANSKITPACK.TP2~ #0 #8102 // Artisan's Kitpack: Pale Master Spells -> All Necromancy Divine Spells (including Cure Wounds, Neutralize Poison, etc.): 4.8
~ARTISANSKITPACK/ARTISANSKITPACK.TP2~ #0 #1003 // Artisan's Kitpack: Berserker Overhaul: 4.8
~ARTISANSKITPACK/ARTISANSKITPACK.TP2~ #0 #1006 // Artisan's Kitpack: Wizard Slayer Overhaul: 4.8
~ARTISANSKITPACK/ARTISANSKITPACK.TP2~ #0 #1004 // Artisan's Kitpack: Kensai Overhaul: 4.8
~ARTISANSKITPACK/ARTISANSKITPACK.TP2~ #0 #1005 // Artisan's Kitpack: Barbarian Overhaul: 4.8
~ARTISANSKITPACK/ARTISANSKITPACK.TP2~ #0 #1007 // Artisan's Kitpack: Dwarven Defender Overhaul + Vanguard Fighter Kit: 4.8
~ARTISANSKITPACK/ARTISANSKITPACK.TP2~ #0 #1000 // Artisan's Kitpack: Arcane Archer Fighter Kit: 4.8
~ARTISANSKITPACK/ARTISANSKITPACK.TP2~ #0 #1001 // Artisan's Kitpack: Arcane Archer (Fighter/Mage): 4.8
~ARTISANSKITPACK/ARTISANSKITPACK.TP2~ #0 #1009 // Artisan's Kitpack: Dreadnought Fighter Kit: 4.8
~ARTISANSKITPACK/ARTISANSKITPACK.TP2~ #0 #1100 // Artisan's Kitpack: Fighter Overhaul: 4.8
~ARTISANSKITPACK/ARTISANSKITPACK.TP2~ #0 #2002 // Artisan's Kitpack: Dark Hunter Ranger Kit: 4.8
~ARTISANSKITPACK/ARTISANSKITPACK.TP2~ #0 #3004 // Artisan's Kitpack: Blackguard Overhaul: 4.8
~ARTISANSKITPACK/ARTISANSKITPACK.TP2~ #0 #3005 // Artisan's Kitpack: Martyr Paladin Kit: 4.8
~ARTISANSKITPACK/ARTISANSKITPACK.TP2~ #0 #7004 // Artisan's Kitpack: Assassin Overhaul: 4.8
~ARTISANSKITPACK/ARTISANSKITPACK.TP2~ #0 #7002 // Artisan's Kitpack: Magekiller Thief Kit: 4.8
~ARTISANSKITPACK/ARTISANSKITPACK.TP2~ #0 #7005 // Artisan's Kitpack: Invisible Blade Thief Kit: 4.8
~ARTISANSKITPACK/ARTISANSKITPACK.TP2~ #0 #9001 // Artisan's Kitpack: Warhorn Shaman Kit: 4.8
~ARTISANSKITPACK/ARTISANSKITPACK.TP2~ #0 #20000 // Artisan's Kitpack: Eldritch Knight (Fighter / Mage Kit): 4.8
~ARTISANSKITPACK/ARTISANSKITPACK.TP2~ #0 #20001 // Artisan's Kitpack: Arcane Trickster (Mage / Thief Kit): 4.8
~A7-CHAOSSORCERER/A7-CHAOSSORCERER.TP2~ #0 #0 // "Chaos Sorcerer" kit: 2.10
~A7-CHAOSSORCERER/A7-CHAOSSORCERER.TP2~ #0 #30 // Add "Primordial Artifacts": 2.10
~CHARLATAN/CHARLATAN.TP2~ #0 #0 // Install Charlatan kit for Bards: 2.7
~CHARLATAN/CHARLATAN.TP2~ #0 #1 // Eldoth, the Charlatan.: 2.7
~BARDICWONDERS/BARDICWONDERS.TP2~ #0 #4 // Bardic Wonders: Dancer Kit
~BARDICWONDERS/BARDICWONDERS.TP2~ #0 #5 // Bardic Wonders: Darkbloom Bard Kit
~BARDICWONDERS/BARDICWONDERS.TP2~ #0 #6 // Bardic Wonders: Storm Drummer Kit
~BARDICWONDERS/BARDICWONDERS.TP2~ #0 #7 // Bardic Wonders: Troubadour Kit
~BARDICWONDERS/BARDICWONDERS.TP2~ #0 #8 // Bardic Wonders: Deathsinger Kit
~BARDICWONDERS/BARDICWONDERS.TP2~ #0 #9 // Bardic Wonders: Strategist Kit
~BARDICWONDERS/BARDICWONDERS.TP2~ #0 #10 // Bardic Wonders: Kapellmeister Kit
~BARDICWONDERS/BARDICWONDERS.TP2~ #0 #11 // Bardic Wonders: Items
~BARDICWONDERS/BARDICWONDERS.TP2~ #0 #13 // Bardic Wonders: Armored Casting for Bards
~BARDICWONDERS/BARDICWONDERS.TP2~ #0 #15 // Bardic Wonders: Item Restriction Tweaks
~RR/SETUP-RR.TP2~ #0 #0 // Proper dual-wielding implementation for Thieves and Bards: v4.92
~RR/SETUP-RR.TP2~ #0 #2 // Thief High Level Ability revisions: v4.92
~RR/SETUP-RR.TP2~ #0 #3 // Proper racial adjustments for thieving skills: v4.92
~RR/SETUP-RR.TP2~ #0 #5 // Bard High Level Ability revisions: v4.92
~RR/SETUP-RR.TP2~ #0 #7 // Additional equipment for Thieves and Bards: v4.92
~RR/SETUP-RR.TP2~ #0 #8 // Upgradeable Equipment: v4.92
~RR/SETUP-RR.TP2~ #0 #11 // Chosen of Cyric encounter: v4.92
~IWDIFICATION/SETUP-IWDIFICATION.TP2~ #0 #150 // IWD Class Updates: Bard: Use IWD Spell Progression: v7
~IWDIFICATION/SETUP-IWDIFICATION.TP2~ #0 #71 // IWD Class Updates: Druid: Allow Elves to be Druids: v7
~IWDIFICATION/SETUP-IWDIFICATION.TP2~ #0 #120 // IWD Class Updates: Thief: Evasion -> Add evasion to thieves and all thief kits: v7
~SONG_AND_SILENCE/SETUP-SONG_AND_SILENCE.TP2~ #0 #0 // Changes to trueclass bards and thieves, and unmodded game kits (required for other components): v19
~SONG_AND_SILENCE/SETUP-SONG_AND_SILENCE.TP2~ #0 #1 // Add new bardic store and thief items: v19
~SONG_AND_SILENCE/SETUP-SONG_AND_SILENCE.TP2~ #0 #3 // Install Chorister bard kit: v19
~SONG_AND_SILENCE/SETUP-SONG_AND_SILENCE.TP2~ #0 #5 // Install Luring Piper bard kit: v19
~SONG_AND_SILENCE/SETUP-SONG_AND_SILENCE.TP2~ #0 #6 // Install Adventurer thief kit: v19
~SONG_AND_SILENCE/SETUP-SONG_AND_SILENCE.TP2~ #0 #7 // Install Burglar thief kit: v19
~SONG_AND_SILENCE/SETUP-SONG_AND_SILENCE.TP2~ #0 #8 // Install Soulknife thief kit: v19
~SWORD_AND_FIST/SETUP-SWORD_AND_FIST.TP2~ #0 #31 // Install Duelist fighter kit: v9
~SWORD_AND_FIST/SETUP-SWORD_AND_FIST.TP2~ #0 #32 // Install Fist of Order fighter kit: v9
~SWORD_AND_FIST/SETUP-SWORD_AND_FIST.TP2~ #0 #34 // Install Duskblade fighter kit (by ronin69hof, ronin69hof@gmail.com: v9
~CDTWEAKS/SETUP-CDTWEAKS.TP2~ #0 #1160 // Multiple Strongholds [Sabre, Baldurdash, Weimer] -> No restrictions: v16
~CDTWEAKS/SETUP-CDTWEAKS.TP2~ #0 #2140 // Expanded Dual-Class Options: v16
~CDTWEAKS/SETUP-CDTWEAKS.TP2~ #0 #2250 // Un-Nerfed Sorcerer Spell Progression Table: v16
~CDTWEAKS/SETUP-CDTWEAKS.TP2~ #0 #2260 // Alter Mage Spell Progression Table -> Un-nerfed table [Blucher]: v16
~CDTWEAKS/SETUP-CDTWEAKS.TP2~ #0 #2280 // Alter Cleric Spell Progression Table -> Un-nerfed table [Blucher]: v16
~CDTWEAKS/SETUP-CDTWEAKS.TP2~ #0 #2293 // Alter Druid Spell and Level Progression Tables -> Use cleric level progression changes with un-nerfed druid spell table [Blucher]: v16
~CDTWEAKS/SETUP-CDTWEAKS.TP2~ #0 #2581 // Alter Wisdom-Based Divine Bonus Spell Table -> Use BG/BG2/IWD Table: v16
~CDTWEAKS/SETUP-CDTWEAKS.TP2~ #0 #2360 // Remove Racial Restrictions for Single-Classes: v16
~CDTWEAKS/SETUP-CDTWEAKS.TP2~ #0 #2380 // Remove Racial Restrictions for Kits: v16
~CDTWEAKS/SETUP-CDTWEAKS.TP2~ #0 #2371 // Alter Dual-Class Restrictions -> Allow non-humans to dual-class: v16
~CDTWEAKS/SETUP-CDTWEAKS.TP2~ #0 #2357 // Alter Multi-Class Restrictions -> Install options one and two (everyone can multi-class anything): v16
~CDTWEAKS/SETUP-CDTWEAKS.TP2~ #0 #2550 // Alter Gnome Mage Kit/Multi-Class Options -> Keep gnome illusionist multi-class, enable all kits for single-class: v16
~CDTWEAKS/SETUP-CDTWEAKS.TP2~ #0 #2390 // Alter Paladin Spell Progression Table -> Paladins Use Icewind Dale-Heart of Winter Spell Tables [grogerson]: v16
~CDTWEAKS/SETUP-CDTWEAKS.TP2~ #0 #2400 // Alter Ranger Spell Progression Table -> Rangers Use Icewind Dale-Heart of Winter Spell Tables [grogerson]: v16
~CDTWEAKS/SETUP-CDTWEAKS.TP2~ #0 #2420 // Loosen Equipment Restrictions for Cleric Multi- and Dual-Classes: v16
~CDTWEAKS/SETUP-CDTWEAKS.TP2~ #0 #2430 // Change Equipment Restrictions for Druid Multi- and Dual-Classes -> Loosen equipment restrictions for druid multi- and dual-classes: v16
~MONASTICORDERS/SETUP-MONASTICORDERS.TP2~ #0 #0 // Core Revisions: 0.0
~MONASTICORDERS/SETUP-MONASTICORDERS.TP2~ #0 #1 // Expanded Races for Monks: 0.0
~MONASTICORDERS/SETUP-MONASTICORDERS.TP2~ #0 #2 // Multiclassing for Monks: 0.0
~MONASTICORDERS/SETUP-MONASTICORDERS.TP2~ #0 #3 // New Kits for Monks: 0.0
~MONASTICORDERS/SETUP-MONASTICORDERS.TP2~ #0 #4 // Item Restriction Patch: 0.0
~C0WARLOCK/C0WARLOCK.TP2~ #0 #0 // Warlock Kit: 2.5
~TOMEANDBLOOD/TOMEANDBLOOD.TP2~ #0 #20 // Revised Dragon Disciples: 1.4
~TOMEANDBLOOD/TOMEANDBLOOD.TP2~ #0 #25 // Sorcerer: Magus: 1.4
~TOMEANDBLOOD/TOMEANDBLOOD.TP2~ #0 #31 // Sorcerer: Favored Soul: 1.4
~TOMEANDBLOOD/TOMEANDBLOOD.TP2~ #0 #33 // Sorcerer: Sylvan Disciple: 1.4
~TOMEANDBLOOD/TOMEANDBLOOD.TP2~ #0 #35 // Sorcerer: Revenant Disciple: 1.4
~TOMEANDBLOOD/TOMEANDBLOOD.TP2~ #0 #40 // Revised Specialists: 1.4
~TOMEANDBLOOD/TOMEANDBLOOD.TP2~ #0 #66 // Innate Find Familiar: 1.4
~TOMEANDBLOOD/TOMEANDBLOOD.TP2~ #0 #80 // Multiclass Sorcerers: 1.4
~TOMEANDBLOOD/TOMEANDBLOOD.TP2~ #0 #92 // Make +Spell Slot Items work with MultiSorcerers/Arcanists -> Bonuses for both memorization and casting slots: 1.4
~TOMEANDBLOOD/TOMEANDBLOOD.TP2~ #0 #95 // Multiclass Specialists: 1.4
~A7#IMPROVEDARCHER/A7#IMPROVEDARCHER.TP2~ #0 #20 // Add paladin kit: Bow Knight: v4.4
~A7#IMPROVEDARCHER/A7#IMPROVEDARCHER.TP2~ #0 #100 // Add +4 arrows, bolts and powerful bows to the game: v4.4
~IHATEUNDEAD/IHATEUNDEAD.TP2~ #0 #0 // Undead Predator (Ranger Kit): 3.8.3
~IHATEUNDEAD/IHATEUNDEAD.TP2~ #0 #2 // Deathslayer (Wizard Kit): 3.8.3
~IHATEUNDEAD/IHATEUNDEAD.TP2~ #0 #4 // Death Tricker (Thief Kit): 3.8.3
~IHATEUNDEAD/IHATEUNDEAD.TP2~ #0 #5 // Burial Defender (Fighter Kit): 3.8.3
~IHATEUNDEAD/IHATEUNDEAD.TP2~ #0 #7 // Circle Enforcer (Druid Kit): 3.8.3
~IHATEUNDEAD/IHATEUNDEAD.TP2~ #0 #9 // Pallid Mask (Monk Kit): 3.8.3
~IHATEUNDEAD/IHATEUNDEAD.TP2~ #0 #10 // Dreadful Witch (Shaman Kit): 3.8.3
~IHATEUNDEAD/IHATEUNDEAD.TP2~ #0 #11 // Imprisoned Soul (Sorcerer Kit): 3.8.3
~A7#IMPROVEDSHAMANICDANCE/A7#IMPROVEDSHAMANICDANCE.TP2~ #0 #0 // Improved Shamanic Dance: 4.6
~A7#IMPROVEDSHAMANICDANCE/A7#IMPROVEDSHAMANICDANCE.TP2~ #0 #10 // Expanded Shamanic Dance for high level characters: 4.6
~A7#IMPROVEDSHAMANICDANCE/A7#IMPROVEDSHAMANICDANCE.TP2~ #0 #20 // Add spell "Shamanic Pact": 4.6
~A7#IMPROVEDSHAMANICDANCE/A7#IMPROVEDSHAMANICDANCE.TP2~ #0 #30 // Apply Shamanic Dance improvements to Shaman kits: 4.6
~A7#IMPROVEDSHAMANICDANCE/A7#IMPROVEDSHAMANICDANCE.TP2~ #0 #40 // Shaman-specific items: 4.6
~MIGHT_AND_GUILE/MIGHT_AND_GUILE.TP2~ #0 #50 // Move the Cavalier to the Fighter Class: 5.8.9
~MIGHT_AND_GUILE/MIGHT_AND_GUILE.TP2~ #0 #55 // Add the Corsair (fighter kit): 5.8.9
~MIGHT_AND_GUILE/MIGHT_AND_GUILE.TP2~ #0 #65 // Add the Ironsmith (fighter kit): 5.8.9
~MIGHT_AND_GUILE/MIGHT_AND_GUILE.TP2~ #0 #66 // Give Breagar the Ironsmith kit: 5.8.9
~MIGHT_AND_GUILE/MIGHT_AND_GUILE.TP2~ #0 #75 // Add the Barbarian/Thief (fighter/thief kit): 5.8.9
~MIGHT_AND_GUILE/MIGHT_AND_GUILE.TP2~ #0 #80 // Add the Tomb Runner (fighter/thief kit): 5.8.9
~MIGHT_AND_GUILE/MIGHT_AND_GUILE.TP2~ #0 #85 // Add the Thug (fighter/thief kit): 5.8.9
~MIGHT_AND_GUILE/MIGHT_AND_GUILE.TP2~ #0 #90 // Add the Rake (thief kit) and revise the Swashbuckler: 5.8.9
~MIGHT_AND_GUILE/MIGHT_AND_GUILE.TP2~ #0 #96 // Add the Ninja (thief kit): 5.8.9
~MIGHT_AND_GUILE/MIGHT_AND_GUILE.TP2~ #0 #97 // Add the Ninja (fighter/thief kit): 5.8.9
~MIGHT_AND_GUILE/MIGHT_AND_GUILE.TP2~ #0 #105 // Add the Spellfilcher (mage/thief kit): 5.8.9
~MIGHT_AND_GUILE/MIGHT_AND_GUILE.TP2~ #0 #110 // Add the Loremaster (mage/thief kit): 5.8.9
~MIGHT_AND_GUILE/MIGHT_AND_GUILE.TP2~ #0 #125 // Add the Mage Hunter (ranger kit): 5.8.9
~MIGHT_AND_GUILE/MIGHT_AND_GUILE.TP2~ #0 #130 // Add the Barbarian Ranger (ranger kit): 5.8.9
~MIGHT_AND_GUILE/MIGHT_AND_GUILE.TP2~ #0 #151 // Move the Archer to the Fighter Class: 5.8.9
~MIGHT_AND_GUILE/MIGHT_AND_GUILE.TP2~ #0 #155 // Add the Elven Archer (ranger kit): 5.8.9
~MIGHT_AND_GUILE/MIGHT_AND_GUILE.TP2~ #0 #160 // Add the Halfling Slinger (fighter/thief kit): 5.8.9
~MIGHT_AND_GUILE/MIGHT_AND_GUILE.TP2~ #0 #201 // Improved Rangers: 5.8.9
~MIGHT_AND_GUILE/MIGHT_AND_GUILE.TP2~ #0 #210 // Revised Movement Bonuses (Quickstride): 5.8.9
~MIGHT_AND_GUILE/MIGHT_AND_GUILE.TP2~ #0 #220 // Revised Ranger Spell Table: 5.8.9
~MIGHT_AND_GUILE/MIGHT_AND_GUILE.TP2~ #0 #225 // Revised Archers: 5.8.9
~MIGHT_AND_GUILE/MIGHT_AND_GUILE.TP2~ #0 #230 // Revised Stalker: 5.8.9
~MIGHT_AND_GUILE/MIGHT_AND_GUILE.TP2~ #0 #235 // Revised Beastmaster: 5.8.9
~MIGHT_AND_GUILE/MIGHT_AND_GUILE.TP2~ #0 #265 // Revised Monk Fists: 5.8.9
~MIGHT_AND_GUILE/MIGHT_AND_GUILE.TP2~ #0 #280 // Revised Backstabbing: 5.8.9
~MIGHT_AND_GUILE/MIGHT_AND_GUILE.TP2~ #0 #290 // Revised THAC0 Progression: 5.8.9
~MIGHT_AND_GUILE/MIGHT_AND_GUILE.TP2~ #0 #400 // Bard Overhaul: Multiclass Bards: 5.8.9
~MIGHT_AND_GUILE/MIGHT_AND_GUILE.TP2~ #0 #450 // Add the Jongleur (bard kit): 5.8.9
~MIGHT_AND_GUILE/MIGHT_AND_GUILE.TP2~ #0 #460 // Add the Loremaster (bard kit): 5.8.9
~MIGHT_AND_GUILE/MIGHT_AND_GUILE.TP2~ #0 #470 // Add the Gallant (bard kit): 5.8.9
~MIGHT_AND_GUILE/MIGHT_AND_GUILE.TP2~ #0 #480 // Add the Meistersinger (bard kit): 5.8.9
~MIGHT_AND_GUILE/MIGHT_AND_GUILE.TP2~ #0 #490 // Add the Loresinger (bard kit): 5.8.9
~ITEM_REV/ITEM_REV.TP2~ #0 #10 // Revised Shield Bonuses: V4 Beta 10
~ITEM_REV/ITEM_REV.TP2~ #0 #17 // Weapon Changes: V4 Beta 10
~ITEM_REV/ITEM_REV.TP2~ #0 #1091 // Remove Weapon Restrictions from Multi-classed Divine Spellcasters -> Clerics and Druids: V4 Beta 10
~ITEM_REV/ITEM_REV.TP2~ #0 #1060 // Kensai Can Wear Bracers: V4 Beta 10
~ITEM_REV/ITEM_REV.TP2~ #0 #1070 // Thieves Can Use Wands: V4 Beta 10
~FAITHS_AND_POWERS/FAITHS_AND_POWERS.TP2~ #0 #15 // Druids Use Cleric Spell Table and XP Table: 0.91.4
~FAITHS_AND_POWERS/FAITHS_AND_POWERS.TP2~ #0 #24 // Choose a Sphere System -> VPlus: traditional spell lists, kits get focus access to two FnP spheres: 0.91.4
~FAITHS_AND_POWERS/FAITHS_AND_POWERS.TP2~ #0 #31 // Install Cleric kits: 0.91.4
~FAITHS_AND_POWERS/FAITHS_AND_POWERS.TP2~ #0 #33 // Install Druid kits: 0.91.4
~FAITHS_AND_POWERS/FAITHS_AND_POWERS.TP2~ #0 #35 // Install Paladin kits -> ...for Tyr, Torm, Helm, Ilmater, Kelemvor, Sune: 0.91.4
~FAITHS_AND_POWERS/FAITHS_AND_POWERS.TP2~ #0 #75 // Alter Priests' Weapon/Armor Usability: 0.91.4
~FAITHS_AND_POWERS/FAITHS_AND_POWERS.TP2~ #0 #80 // Apply Sphere System (REQUIRED for the sphere system to work): 0.91.4
~FAITHS_AND_POWERS/FAITHS_AND_POWERS.TP2~ #0 #91 // Multiclass Druids: 0.91.4
~FAITHS_AND_POWERS/FAITHS_AND_POWERS.TP2~ #0 #92 // Multiclass Shamans: 0.91.4
~FAITHS_AND_POWERS/FAITHS_AND_POWERS.TP2~ #0 #95 // Multiclass Cleric kits (install AFTER all other kit mods!!): 0.91.4
~FAITHS_AND_POWERS/FAITHS_AND_POWERS.TP2~ #0 #99 // Apply FnP Multiclass Kits to NPCs: 0.91.4
~VICONIAREVAMPED/SETUP-VICONIAREVAMPED.TP2~ #0 #60 // Add special ability: Embrace of Shar: v7.3
~VICONIAREVAMPED/SETUP-VICONIAREVAMPED.TP2~ #0 #70 // Apply drow penalty: Day Blindness: v7.3
~TNT/TNT.TP2~ #0 #1 // More resilient familiars: v8.35
~TNT/TNT.TP2~ #0 #2 // Improved trap detection: instant detection: v8.35
~TNT/TNT.TP2~ #0 #3 // Improved trap detection: increase trap sense range: v8.35
~TNT/TNT.TP2~ #0 #4 // Trap reminders -> disclose trap type: v8.35
~TNT/TNT.TP2~ #0 #6 // Trap intuition -> not in combat: v8.35
~TNT/TNT.TP2~ #0 #10 // Trap intuition: toggle Find Traps automatically: v8.35
~TNT/TNT.TP2~ #0 #19 // Compliments and insults -> Reintroduce and adjust to framerate: v8.35
~TNT/TNT.TP2~ #0 #24 // Hassle-free ammo: v8.35
~TNT/TNT.TP2~ #0 #26 // Throwing weapons damage type -> Make axes slashing and hammers blunt: v8.35
~TNT/TNT.TP2~ #0 #29 // Sensible Cloak of Mirroring: v8.35
~TNT/TNT.TP2~ #0 #30 // Effects of scrolls and potions do not stack with themselves: v8.35
~TNT/TNT.TP2~ #0 #32 // Sensible wand of frost -> AoE: v8.35
~TNT/TNT.TP2~ #0 #33 // Potion of Really Mirrored Eyes: v8.35
~TNT/TNT.TP2~ #0 #35 // Improved Shandalar's cloak: v8.35
~TNT/TNT.TP2~ #0 #37 // Improved Equalizer: v8.35
~TNT/TNT.TP2~ #0 #38 // Distinct quest items: v8.35
~TNT/TNT.TP2~ #0 #42 // Spider form ignores web: v8.35
~TNT/TNT.TP2~ #0 #45 // Cheesy Slayer: reputation -> reduced loss: v8.35
~TNT/TNT.TP2~ #0 #46 // True True Sight: v8.35
~TNT/TNT.TP2~ #0 #47 // Sensible Otiluke's Resilient Sphere: v8.35
~TNT/TNT.TP2~ #0 #48 // Greater Command AoE: v8.35
~TNT/TNT.TP2~ #0 #49 // Working Non-Detection: v8.35
~TNT/TNT.TP2~ #0 #50 // Unstack Chaos Shield: v8.35
~TNT/TNT.TP2~ #0 #52 // Uncheese Mislead: v8.35
~TNT/TNT.TP2~ #0 #53 // Sensible Blade spins: v8.35
~TNT/TNT.TP2~ #0 #54 // PnP Protection from Evil: v8.35
~TNT/TNT.TP2~ #0 #55 // Non-hostile Grease: v8.35
~TNT/TNT.TP2~ #0 #59 // Close shop steal exploit -> Can't steal from any stores: v8.35
~TNT/TNT.TP2~ #0 #60 // More ankheg armors by Taerom: v8.35
~TNT/TNT.TP2~ #0 #61 // Cleanup stores: v8.35
~TNT/TNT.TP2~ #0 #66 // Can't steal Carsomyr: v8.35
~TNT/TNT.TP2~ #0 #70 // Improved strongholds: v8.35
~TNT/TNT.TP2~ #0 #71 // Save Melicamp: v8.35
~TNT/TNT.TP2~ #0 #75 // Mod romance cheats | POWER USER component, consult readme: v8.35
~JTWEAKS/SETUP-JTWEAKS.TP2~ #0 #10 // Wilson's strength doesn't stack indefinitely: 3.1
~JTWEAKS/SETUP-JTWEAKS.TP2~ #0 #20 // Vernus can be raised: 3.1
~JTWEAKS/SETUP-JTWEAKS.TP2~ #0 #30 // Fix Black Pits oversights: 3.1
~JTWEAKS/SETUP-JTWEAKS.TP2~ #0 #40 // Enchant Weapon works in contingencies: 3.1
~JTWEAKS/SETUP-JTWEAKS.TP2~ #0 #60 // NPCs don't go in inaccessible locations: 3.1
~JTWEAKS/SETUP-JTWEAKS.TP2~ #0 #70 // Close polymorph immunity loopholes: 3.1
~JTWEAKS/SETUP-JTWEAKS.TP2~ #0 #90 // Wish Hardiness doesn't stack with itself: 3.1
~JTWEAKS/SETUP-JTWEAKS.TP2~ #0 #120 // Dueling fireshields don't go infinite: 3.1
~JTWEAKS/SETUP-JTWEAKS.TP2~ #0 #130 // Standardize Wand of Missiles: 3.1
~JTWEAKS/SETUP-JTWEAKS.TP2~ #0 #140 // Inquisitor True Sight is consistent with other versions of the spell: 3.1
~JTWEAKS/SETUP-JTWEAKS.TP2~ #0 #150 // Temple cures work better: 3.1
~JTWEAKS/SETUP-JTWEAKS.TP2~ #0 #160 // Bala's Axe dispels reasonably well: 3.1
~JTWEAKS/SETUP-JTWEAKS.TP2~ #0 #170 // Celestials cast all of their spells at high levels: 3.1
~JTWEAKS/SETUP-JTWEAKS.TP2~ #0 #190 // Death Ward protects against Aec'Letec's Death Gaze: 3.1
~JTWEAKS/SETUP-JTWEAKS.TP2~ #0 #200 // Elemental protection spells increment resistances: 3.1
~JTWEAKS/SETUP-JTWEAKS.TP2~ #0 #210 // Vorpal weapons don't chunk: 3.1
~JTWEAKS/SETUP-JTWEAKS.TP2~ #0 #220 // Resurrection can heal the living: 3.1
~JTWEAKS/SETUP-JTWEAKS.TP2~ #0 #230 // Loosen restrictions on what clones can do: 3.1
~JTWEAKS/SETUP-JTWEAKS.TP2~ #0 #250 // Loosen NPC item restrictions: 3.1
~JTWEAKS/SETUP-JTWEAKS.TP2~ #0 #260 // Green Slime poison can be cured: 3.1
~JTWEAKS/SETUP-JTWEAKS.TP2~ #0 #280 // Allies against Bodhi are better prepared for vampires: 3.1
~JTWEAKS/SETUP-JTWEAKS.TP2~ #0 #290 // Noober's Game: 3.1
~JTWEAKS/SETUP-JTWEAKS.TP2~ #0 #330 // Randomize battle music: 3.1
~JTWEAKS/SETUP-JTWEAKS.TP2~ #0 #340 // Potion effects don't stack with themselves: 3.1
~JTWEAKS/SETUP-JTWEAKS.TP2~ #0 #360 // Nature's Beauty blindness can be cured: 3.1
~JTWEAKS/SETUP-JTWEAKS.TP2~ #0 #370 // Fix Imoen's script in BGEE/SoD: 3.1
~JTWEAKS/SETUP-JTWEAKS.TP2~ #0 #380 // Prevent characters from acting uncontrollably when under Project Image: 3.1
~JTWEAKS/SETUP-JTWEAKS.TP2~ #0 #422 // Less reputation loss for killing Phandalyn -> Lose 3 rep or innocent penalty, whichever is less: 3.1
~JTWEAKS/SETUP-JTWEAKS.TP2~ #0 #430 // Kondar works against more kinds of shapeshifters: 3.1
~JTWEAKS/SETUP-JTWEAKS.TP2~ #0 #440 // Random spawns scale with difficulty: 3.1
~JTWEAKS/SETUP-JTWEAKS.TP2~ #0 #463 // Variable drow MR (core component): 3.1
~JTWEAKS/SETUP-JTWEAKS.TP2~ #0 #467 // Choose base drow MR (required) -> Medium (50): 3.1
~JTWEAKS/SETUP-JTWEAKS.TP2~ #0 #472 // Choose MR progression rate (required) -> Slow (1 per level, up to level 30): 3.1
~JTWEAKS/SETUP-JTWEAKS.TP2~ #0 #475 // Choose sunlight penalties (required) -> Dazzled (-2 to hit, -2 AC versus missiles): 3.1
~JTWEAKS/SETUP-JTWEAKS.TP2~ #0 #480 // Alternate Adoy's Belt: 3.1
~JTWEAKS/SETUP-JTWEAKS.TP2~ #0 #490 // Liia knows how to cast her spells: 3.1
~JTWEAKS/SETUP-JTWEAKS.TP2~ #0 #511 // Area names for the BGEE world map -> Traditional names: 3.1
~JTWEAKS/SETUP-JTWEAKS.TP2~ #0 #520 // Warrior and rogue HLAs can't be removed by spell-breakers: 3.1
~JTWEAKS/SETUP-JTWEAKS.TP2~ #0 #530 // Deactivate Spellhold picture monsters until their doors are opened: 3.1
~CDTWEAKS/SETUP-CDTWEAKS.TP2~ #0 #40 // Change Viconia's Skin Color to Dark Blue: v16
~CDTWEAKS/SETUP-CDTWEAKS.TP2~ #0 #50 // Avatar Morphing Script: v16
~CDTWEAKS/SETUP-CDTWEAKS.TP2~ #0 #60 // Weapon Animation Tweaks: v16
~CDTWEAKS/SETUP-CDTWEAKS.TP2~ #0 #110 // Icon Improvements: v16
~CDTWEAKS/SETUP-CDTWEAKS.TP2~ #0 #130 // Force All Dialogue to Pause Game: v16
~CDTWEAKS/SETUP-CDTWEAKS.TP2~ #0 #140 // Fix Boo's Squeak: v16
~CDTWEAKS/SETUP-CDTWEAKS.TP2~ #0 #160 // Make Magic Shields Glow [plainab/grogerson]: v16
~CDTWEAKS/SETUP-CDTWEAKS.TP2~ #0 #170 // Unique Icons [Lava] -> Only replace icons that aren't already unique: v16
~CDTWEAKS/SETUP-CDTWEAKS.TP2~ #0 #181 // Unique Containers [Miloch] -> Unique icons only: v16
~CDTWEAKS/SETUP-CDTWEAKS.TP2~ #0 #2010 // Separate Resist Fire/Cold Icon into Separate Icons [Angel]: v16
~CDTWEAKS/SETUP-CDTWEAKS.TP2~ #0 #1010 // More Interjections: v16
~CDTWEAKS/SETUP-CDTWEAKS.TP2~ #0 #1020 // Alter HP Triggers for NPC Wounded Dialogues: v16
~CDTWEAKS/SETUP-CDTWEAKS.TP2~ #0 #1030 // Reveal Wilderness Areas Before Chapter Six: v16
~CDTWEAKS/SETUP-CDTWEAKS.TP2~ #0 #1036 // Make Cloakwood Areas Available Before Completing the Bandit Camp -> All of Cloakwood except the mines: v16
~CDTWEAKS/SETUP-CDTWEAKS.TP2~ #0 #1040 // Improved Athkatlan City Guard: v16
~CDTWEAKS/SETUP-CDTWEAKS.TP2~ #0 #1060 // Breakable Iron Non-Magical Shields, Helms, and Armor: v16
~CDTWEAKS/SETUP-CDTWEAKS.TP2~ #0 #1075 // Send BioWare NPCs to an Inn [DavidW/Zed Nocear]: v16
~CDTWEAKS/SETUP-CDTWEAKS.TP2~ #0 #1080 // Add Bags of Holding: v16
~CDTWEAKS/SETUP-CDTWEAKS.TP2~ #0 #1120 // Stores Sell Higher Stacks of Items: v16
~CDTWEAKS/SETUP-CDTWEAKS.TP2~ #0 #1180 // Female Edwina [Davide Carte, Wendy Yung, Weimer]: v16
~CDTWEAKS/SETUP-CDTWEAKS.TP2~ #0 #1220 // Allow Cromwell to Upgrade Watcher's Keep Items: v16
~CDTWEAKS/SETUP-CDTWEAKS.TP2~ #0 #1225 // Adjust Cromwell's Forging Time -> Instant forging (original BG2 default): v16
~CDTWEAKS/SETUP-CDTWEAKS.TP2~ #0 #1230 // Allow Cespenar to Use Cromwell Recipes: v16
~CDTWEAKS/SETUP-CDTWEAKS.TP2~ #0 #1251 // Move NPCs to Convenient Locations: Move Alora to Gullykin: v16
~CDTWEAKS/SETUP-CDTWEAKS.TP2~ #0 #1253 // Move NPCs to Convenient Locations: Move Quayle to the Nashkel Carnival: v16
~CDTWEAKS/SETUP-CDTWEAKS.TP2~ #0 #1254 // Move NPCs to Convenient Locations: Move Shar-Teel to North Nashkel Road: v16
~CDTWEAKS/SETUP-CDTWEAKS.TP2~ #0 #1255 // Move NPCs to Convenient Locations: Move Tiax to Beregost: v16
~CDTWEAKS/SETUP-CDTWEAKS.TP2~ #0 #1256 // Move NPCs to Convenient Locations: Move Viconia to South Beregost Road: v16
~CDTWEAKS/SETUP-CDTWEAKS.TP2~ #0 #1270 // Change Cloakwood Mine Chapter End Change Trigger to Non-TotSC Behavior [plainab]: v16
~CDTWEAKS/SETUP-CDTWEAKS.TP2~ #0 #2035 // Two-Handed Axes: v16
~CDTWEAKS/SETUP-CDTWEAKS.TP2~ #0 #2040 // Universal Clubs: v16
~CDTWEAKS/SETUP-CDTWEAKS.TP2~ #0 #2060 // Weapon Styles for All: v16
~CDTWEAKS/SETUP-CDTWEAKS.TP2~ #0 #2090 // Change Experience Point Cap -> Remove experience cap: v16
~CDTWEAKS/SETUP-CDTWEAKS.TP2~ #0 #2100 // Allow Thieving and Stealth in Heavy Armor per PnP: v16
~CDTWEAKS/SETUP-CDTWEAKS.TP2~ #0 #2120 // Allow Arcane Spellcasting in Heavy Armor: v16
~CDTWEAKS/SETUP-CDTWEAKS.TP2~ #0 #2151 // Wear Multiple Protection Items -> No restrictions: v16
~CDTWEAKS/SETUP-CDTWEAKS.TP2~ #0 #2220 // Change Magically Created Weapons to Zero Weight: v16
~CDTWEAKS/SETUP-CDTWEAKS.TP2~ #0 #2300 // Triple-Class HLA Tables: v16
~CDTWEAKS/SETUP-CDTWEAKS.TP2~ #0 #2312 // Add Save Penalties for Spells Cast by High-Level Casters -> Arcane and divine magic: v16
~CDTWEAKS/SETUP-CDTWEAKS.TP2~ #0 #2320 // Trap Cap Removal [Ardanis/GeN1e]: v16
~CDTWEAKS/SETUP-CDTWEAKS.TP2~ #0 #2339 // Remove Summoning Cap for Regular Summons: v16
~CDTWEAKS/SETUP-CDTWEAKS.TP2~ #0 #2340 // Remove Summoning Cap for Celestials [Ardanis/GeN1e]: v16
~CDTWEAKS/SETUP-CDTWEAKS.TP2~ #0 #2440 // Everyone Gets Bonus APR from Specialization [subtledoctor]: v16
~CDTWEAKS/SETUP-CDTWEAKS.TP2~ #0 #2500 // Exceptional Strength Weight Limit Changes [sarevok57]: v16
~CDTWEAKS/SETUP-CDTWEAKS.TP2~ #0 #2520 // Allow Mages to Use Bucklers and Thieves to Use Small Shields [Angel]: v16
~CDTWEAKS/SETUP-CDTWEAKS.TP2~ #0 #2540 // Speed Up de'Arnise Keep Stronghold Quests: v16
~CDTWEAKS/SETUP-CDTWEAKS.TP2~ #0 #2560 // Allow Monks to Wear Helmets: v16
~CDTWEAKS/SETUP-CDTWEAKS.TP2~ #0 #2590 // Thieves Can Backstab With More Weapons With "Use Any Item" or as Dual- and Multi-Classes: v16
~CDTWEAKS/SETUP-CDTWEAKS.TP2~ #0 #2620 // Make Certain Creatures Immune to Backstab/Sneak Attack [Luke]: v16
~CDTWEAKS/SETUP-CDTWEAKS.TP2~ #0 #3002 // Higher HP on Level Up -> Average rolls: v16
~CDTWEAKS/SETUP-CDTWEAKS.TP2~ #0 #3008 // Allow HP Rolls Through Level 20 [Angel]: v16
~CDTWEAKS/SETUP-CDTWEAKS.TP2~ #0 #3010 // Maximum HP Creatures [the bigg] -> For all creatures in game: v16
~CDTWEAKS/SETUP-CDTWEAKS.TP2~ #0 #3020 // Identify All Items: v16
~CDTWEAKS/SETUP-CDTWEAKS.TP2~ #0 #3031 // Easy Spell Learning -> 100% learn spells and no maximum cap: v16
~CDTWEAKS/SETUP-CDTWEAKS.TP2~ #0 #3040 // Make Bags of Holding Bottomless: v16
~CDTWEAKS/SETUP-CDTWEAKS.TP2~ #0 #3060 // Remove "You Must Gather Your Party..." Sound [Weimer]: v16
~CDTWEAKS/SETUP-CDTWEAKS.TP2~ #0 #3071 // Change Effect of Reputation on Store Prices -> Reputation has no effect, stores price fixed at 100% [Luiz]: v16
~CDTWEAKS/SETUP-CDTWEAKS.TP2~ #0 #3083 // Increase Ammo Stack Size -> Stacks of 120: v16
~CDTWEAKS/SETUP-CDTWEAKS.TP2~ #0 #3092 // Increase Jewelry, Gem, and Miscellaneous Item Stacks -> Stacks of 80: v16
~CDTWEAKS/SETUP-CDTWEAKS.TP2~ #0 #3101 // Increase Potion Stacking -> Stacks of 40: v16
~CDTWEAKS/SETUP-CDTWEAKS.TP2~ #0 #3111 // Increase Scroll Stacking -> Stacks of 40: v16
~CDTWEAKS/SETUP-CDTWEAKS.TP2~ #0 #3121 // Happy Patch - Alter How Party NPCs Complain About Reputation -> NPCs can be angry about reputation but never leave [Salk]: v16
~CDTWEAKS/SETUP-CDTWEAKS.TP2~ #0 #3123 // NPCs Don't Fight: v16
~CDTWEAKS/SETUP-CDTWEAKS.TP2~ #0 #3176 // Accelerate/Decelerate Romances: v16
~CDTWEAKS/SETUP-CDTWEAKS.TP2~ #0 #3183 // Romance Cheats [Sabre, Richardson, Weimer]: v16
~CDTWEAKS/SETUP-CDTWEAKS.TP2~ #0 #3190 // Rest Anywhere [japheth]: v16
~CDTWEAKS/SETUP-CDTWEAKS.TP2~ #0 #3195 // Alter Hostile Rest Spawns -> Decrease frequency by 50%: v16
~CDTWEAKS/SETUP-CDTWEAKS.TP2~ #0 #3200 // Sellable Items [icelus]: v16
~CDTWEAKS/SETUP-CDTWEAKS.TP2~ #0 #3205 // Stores Purchase All Item Types: v16
~CDTWEAKS/SETUP-CDTWEAKS.TP2~ #0 #3230 // Taerom Makes Additional Ankheg Armor [Icendoan/grogerson]: v16
~CDTWEAKS/SETUP-CDTWEAKS.TP2~ #0 #3280 // Give Every Class/Kit Four Weapon Slots: v16
~CDTWEAKS/SETUP-CDTWEAKS.TP2~ #0 #3290 // Personalize Automatic Save Names -> Use scheme: 000000000-Protagonist-Save-Name: v16
~CDTWEAKS/SETUP-CDTWEAKS.TP2~ #0 #3320 // No Depreciation in Stores: v16
~CDTWEAKS/SETUP-CDTWEAKS.TP2~ #0 #3330 // Make Party Members Less Likely to Die Irreversibly: v16
~CDTWEAKS/SETUP-CDTWEAKS.TP2~ #0 #3343 // Increase Party Movement Speed and/or Casting Speed Outside of Combat [argent77] -> Movement speed by 50 percent and casting speed: v16
~CDTWEAKS/SETUP-CDTWEAKS.TP2~ #0 #3355 // Create Interval Saves [argent77] -> Every 30 minutes (cycle through four saves): v16
~CDTWEAKS/SETUP-CDTWEAKS.TP2~ #0 #4000 // Adjust Evil Joinable NPC Reaction Rolls: v16
~CDTWEAKS/SETUP-CDTWEAKS.TP2~ #0 #4025 // Allow NPC Pairs to Separate: v16
~CDTWEAKS/SETUP-CDTWEAKS.TP2~ #0 #4031 // Consistent Stats: Edwin -> Use BG2 values: v16
~CDTWEAKS/SETUP-CDTWEAKS.TP2~ #0 #4041 // Consistent Stats: Jaheira -> Use BG2 values: v16
~CDTWEAKS/SETUP-CDTWEAKS.TP2~ #0 #4050 // Change Jaheira to Neutral Good Alignment: v16
~CDTWEAKS/SETUP-CDTWEAKS.TP2~ #0 #4061 // Consistent Stats: Minsc -> Use BG2 values: v16
~CDTWEAKS/SETUP-CDTWEAKS.TP2~ #0 #4071 // Consistent Stats: Viconia -> Use BG2 values: v16
~CDTWEAKS/SETUP-CDTWEAKS.TP2~ #0 #4100 // Change Korgan to Neutral Evil Alignment: v16
~CDTWEAKS/SETUP-CDTWEAKS.TP2~ #0 #4110 // Give Kagain a Legal Constitution Score of 19: v16
~CDTWEAKS/SETUP-CDTWEAKS.TP2~ #0 #4120 // Give Coran a Legal Dexterity Score of 19: v16
~CDTWEAKS/SETUP-CDTWEAKS.TP2~ #0 #4150 // Move Boo Into Minsc's Pack: v16
~CDTWEAKS/SETUP-CDTWEAKS.TP2~ #0 #4160 // Allow Yeslick to Use Axes: v16
~CDTWEAKS/SETUP-CDTWEAKS.TP2~ #0 #4170 // Ensure Shar-Teel Doesn't Die in the Original Challenge: v16
~SUBTLED_ITEM_TWEAKS/SUBTLED_ITEM_TWEAKS.TP2~ #0 #100 // YARAS Yet Another Revised Armor System: v1.3.4
~SUBTLED_ITEM_TWEAKS/SUBTLED_ITEM_TWEAKS.TP2~ #0 #111 // Aesthetic & Enchantment Tweaks -> Standardize Enchanted Equipment: v1.3.4
~SUBTLED_ITEM_TWEAKS/SUBTLED_ITEM_TWEAKS.TP2~ #0 #120 // Functional Weapon Tweaks: v1.3.4
~SUBTLED_ITEM_TWEAKS/SUBTLED_ITEM_TWEAKS.TP2~ #0 #160 // All Potions Usable by Any Class: v1.3.4
~SUBTLED_ITEM_TWEAKS/SUBTLED_ITEM_TWEAKS.TP2~ #0 #1010 // Add Backstab Immunity to the Ring of Danger Sense: v1.3.4
~SUBTLED_ITEM_TWEAKS/SUBTLED_ITEM_TWEAKS.TP2~ #0 #1020 // Proper Missile Deflection for the Gloves of Missile Snaring: v1.3.4
~SUBTLED_ITEM_TWEAKS/SUBTLED_ITEM_TWEAKS.TP2~ #0 #1030 // Improve Detonating Weapons: v1.3.4
~SUBTLED_ITEM_TWEAKS/SUBTLED_ITEM_TWEAKS.TP2~ #0 #1040 // Add Revised Barkskin to 'Skin of the Forest' Armor: v1.3.4
~SUBTLED_ITEM_TWEAKS/SUBTLED_ITEM_TWEAKS.TP2~ #0 #1051 // Change IR's Rod of Absorption -> ...Instantaneous Use: v1.3.4
~SUBTLED_ITEM_TWEAKS/SUBTLED_ITEM_TWEAKS.TP2~ #0 #1055 // Permanent Fear Protection for the Badge of the Brave: v1.3.4
~SUBTLED_ITEM_TWEAKS/SUBTLED_ITEM_TWEAKS.TP2~ #0 #1060 // Make the Gargoyle Cloak Apply Stoneskin Instead of an AC Bonus: v1.3.4
~SUBTLED_ITEM_TWEAKS/SUBTLED_ITEM_TWEAKS.TP2~ #0 #1080 // Improve Azlaer's Harp and Methild's Harp: v1.3.4
~SUBTLED_ITEM_TWEAKS/SUBTLED_ITEM_TWEAKS.TP2~ #0 #1114 // Change Rings of Wizardry -> Replace the Ring of Acuity with Evermemory: v1.3.4
~ENCHANT/ENCHANT.TP2~ #0 #0 // Enchant the Missile Launchers
~ENCHANT/ENCHANT.TP2~ #0 #2 // Custom Ammunition: Eldoth (BG:EE)
~ENCHANT/ENCHANT.TP2~ #0 #3 // Custom Ammunition: Jan (BGII:EE)
~ENCHANT/ENCHANT.TP2~ #0 #4 // Fix Fuller's Quest Bolts (BG:EE)
~A7-CONVENIENTEENPCS/A7-CONVENIENTEENPCS.TP2~ #0 #311 // Allied Caelar Argent in Avernus boss battle -> Joins as controllable follower if no free party slots available: v4.6
~A7-CONVENIENTEENPCS/A7-CONVENIENTEENPCS.TP2~ #0 #450 // Improved portrait: Wilson: v4.6
~A7-CONVENIENTEENPCS/A7-CONVENIENTEENPCS.TP2~ #0 #542 // Change class/kit: Neera -> Chaos Sorcerer: v4.6
~BUTCHERY/BUTCHERY.TP2~ #0 #10 // DrAzTiK's revisited fight against Tazok and DigDag [install before Stratagems]: v5.0.0
~BUTCHERY/BUTCHERY.TP2~ #0 #12 // Rebalancing Tazok and DigDag [install before Stratagems]: v5.0.0
~BUTCHERY/BUTCHERY.TP2~ #0 #20 // Groumf and Bourrinos Encounter at Firkraag's Hideout entrance [install before Stratagems]: v5.0.0
~BUTCHERY/BUTCHERY.TP2~ #0 #21 // Groumf and Bourrinos Encounter at Brynnlaw [install before Stratagems]: v5.0.0
~BUTCHERY/BUTCHERY.TP2~ #0 #22 // Groumf and Bourrinos Encounter in the Underdark [install before Stratagems]: v5.0.0
~BUTCHERY/BUTCHERY.TP2~ #0 #40 // DrAzTiK's Creatures [install before Stratagems, some following components need it]: v5.0.0
~STRATAGEMS/SETUP-STRATAGEMS.TP2~ #0 #3015 // Re-introduce potions of extra-healing: 35.21
~STRATAGEMS/SETUP-STRATAGEMS.TP2~ #0 #3505 // Wider selection of random scrolls: 35.21
~STRATAGEMS/SETUP-STRATAGEMS.TP2~ #0 #4000 // More Appropriate-Speed Bears: 35.21
~STRATAGEMS/SETUP-STRATAGEMS.TP2~ #0 #4020 // More realistic wolves and wild dogs: 35.21
~STRATAGEMS/SETUP-STRATAGEMS.TP2~ #0 #4052 // Decrease the rate at which reputation improves -> Reputation increases at about 1/3 the normal rate: 35.21
~STRATAGEMS/SETUP-STRATAGEMS.TP2~ #0 #4115 // Thieves assign skill points in multiples of five: 35.21
~STRATAGEMS/SETUP-STRATAGEMS.TP2~ #0 #4140 // Revised inn rooms: more expensive, more benefits: 35.21
~STRATAGEMS/SETUP-STRATAGEMS.TP2~ #0 #4150 // Allow the Cowled Wizards to detect spellcasting in most indoor, above-ground areas in Athkatla: 35.21
~STRATAGEMS/SETUP-STRATAGEMS.TP2~ #0 #4162 // Increase the price of a license to practise magic in Athkatla -> License costs 20,000 gp: 35.21
~STRATAGEMS/SETUP-STRATAGEMS.TP2~ #0 #4172 // Increase the price asked by Gaelan Bayle -> Gaelan wants 80,000 gold pieces: 35.21
~STRATAGEMS/SETUP-STRATAGEMS.TP2~ #0 #4190 // Make Watchers' Keep accessible between SoA and ToB (warning: this will make it inaccessible until the end of SoA): 35.21
~STRATAGEMS/SETUP-STRATAGEMS.TP2~ #0 #4215 // Remove unrealistically helpful items from certain areas: 35.21
~STRATAGEMS/SETUP-STRATAGEMS.TP2~ #0 #4216 // Remove unrealistically convenient ammunition from the game -> Only remove nonmagical ammo from random containers: 35.21
~STRATAGEMS/SETUP-STRATAGEMS.TP2~ #0 #5000 // Ease-of-use party AI: 35.21
~STRATAGEMS/SETUP-STRATAGEMS.TP2~ #0 #5080 // Improved BG Textscreens: 35.21
~STRATAGEMS/SETUP-STRATAGEMS.TP2~ #0 #5900 // Initialise AI components (required for all tactical and AI components): 35.21
~STRATAGEMS/SETUP-STRATAGEMS.TP2~ #0 #6000 // Smarter general AI: 35.21
~STRATAGEMS/SETUP-STRATAGEMS.TP2~ #0 #6010 // Better calls for help: 35.21
~STRATAGEMS/SETUP-STRATAGEMS.TP2~ #0 #6030 // Smarter Mages: 35.21
~STRATAGEMS/SETUP-STRATAGEMS.TP2~ #0 #6040 // Smarter Priests: 35.21
~STRATAGEMS/SETUP-STRATAGEMS.TP2~ #0 #6100 // Potions for NPCs: 35.21
~STRATAGEMS/SETUP-STRATAGEMS.TP2~ #0 #6200 // Improved Spiders: 35.21
~STRATAGEMS/SETUP-STRATAGEMS.TP2~ #0 #6300 // Smarter sirines and dryads: 35.21
~STRATAGEMS/SETUP-STRATAGEMS.TP2~ #0 #6310 // Slightly smarter carrion crawlers: 35.21
~STRATAGEMS/SETUP-STRATAGEMS.TP2~ #0 #6320 // Smarter basilisks: 35.21
~STRATAGEMS/SETUP-STRATAGEMS.TP2~ #0 #6500 // Improved golems: 35.21
~STRATAGEMS/SETUP-STRATAGEMS.TP2~ #0 #6510 // Improved fiends and celestials: 35.21
~STRATAGEMS/SETUP-STRATAGEMS.TP2~ #0 #6520 // Smarter genies: 35.21
~STRATAGEMS/SETUP-STRATAGEMS.TP2~ #0 #6540 // Smarter dragons: 35.21
~STRATAGEMS/SETUP-STRATAGEMS.TP2~ #0 #6550 // Smarter beholders: 35.21
~STRATAGEMS/SETUP-STRATAGEMS.TP2~ #0 #6560 // Smarter mind flayers: 35.21
~STRATAGEMS/SETUP-STRATAGEMS.TP2~ #0 #6570 // Smarter githyanki: 35.21
~STRATAGEMS/SETUP-STRATAGEMS.TP2~ #0 #6580 // Improved Vampires: 35.21
~STRATAGEMS/SETUP-STRATAGEMS.TP2~ #0 #6590 // Smarter Throne of Bhaal final villain: 35.21
~STRATAGEMS/SETUP-STRATAGEMS.TP2~ #0 #6800 // Smarter Illasera: 35.21
~STRATAGEMS/SETUP-STRATAGEMS.TP2~ #0 #6810 // Smarter Gromnir: 35.21
~STRATAGEMS/SETUP-STRATAGEMS.TP2~ #0 #6820 // Smarter Yaga-Shura: 35.21
~STRATAGEMS/SETUP-STRATAGEMS.TP2~ #0 #6830 // Smarter Abazigal: 35.21
~STRATAGEMS/SETUP-STRATAGEMS.TP2~ #0 #6840 // Ascension versions of Irenicus and Sendai use SCS abilities and AI: 35.21
~STRATAGEMS/SETUP-STRATAGEMS.TP2~ #0 #6850 // Ascension demons use SCS abilities and AI: 35.21
~STRATAGEMS/SETUP-STRATAGEMS.TP2~ #0 #7000 // Improved doppelgangers: 35.21
~STRATAGEMS/SETUP-STRATAGEMS.TP2~ #0 #7010 // Tougher Black Talons and Iron Throne guards: 35.21
~STRATAGEMS/SETUP-STRATAGEMS.TP2~ #0 #7020 // Improved deployment for parties of assassins: 35.21
~STRATAGEMS/SETUP-STRATAGEMS.TP2~ #0 #7030 // Improved kobolds: 35.21
~STRATAGEMS/SETUP-STRATAGEMS.TP2~ #0 #7040 // Relocated bounty hunters: 35.21
~STRATAGEMS/SETUP-STRATAGEMS.TP2~ #0 #7050 // Improved Ulcaster: 35.21
~STRATAGEMS/SETUP-STRATAGEMS.TP2~ #0 #7060 // Improved Balduran's Isle: 35.21
~STRATAGEMS/SETUP-STRATAGEMS.TP2~ #0 #7070 // Improved Durlag's Tower: 35.21
~STRATAGEMS/SETUP-STRATAGEMS.TP2~ #0 #7080 // Improved Demon Cultists: 35.21
~STRATAGEMS/SETUP-STRATAGEMS.TP2~ #0 #7090 // Improved Cloakwood Druids: 35.21
~STRATAGEMS/SETUP-STRATAGEMS.TP2~ #0 #7100 // Improved Bassilus: 35.21
~STRATAGEMS/SETUP-STRATAGEMS.TP2~ #0 #7110 // Improved Drasus party: 35.21
~STRATAGEMS/SETUP-STRATAGEMS.TP2~ #0 #7130 // Improved Red Wizards: 35.21
~STRATAGEMS/SETUP-STRATAGEMS.TP2~ #0 #7140 // Improved Undercity assassins: 35.21
~STRATAGEMS/SETUP-STRATAGEMS.TP2~ #0 #7150 // Improved Carsa/Kahrk interaction: 35.21
~STRATAGEMS/SETUP-STRATAGEMS.TP2~ #0 #7200 // Tougher chapter-two end battle: 35.21
~STRATAGEMS/SETUP-STRATAGEMS.TP2~ #0 #7210 // Tougher chapter-three end battle: 35.21
~STRATAGEMS/SETUP-STRATAGEMS.TP2~ #0 #7220 // Tougher chapter-four end battle: 35.21
~STRATAGEMS/SETUP-STRATAGEMS.TP2~ #0 #7230 // Tougher chapter-five end battle: 35.21
~STRATAGEMS/SETUP-STRATAGEMS.TP2~ #0 #7250 // Improved final battle: 35.21
~STRATAGEMS/SETUP-STRATAGEMS.TP2~ #0 #7900 // Improved minor encounters: 35.21
~STRATAGEMS/SETUP-STRATAGEMS.TP2~ #0 #8000 // Make the starting dungeon slightly harder: 35.21
~STRATAGEMS/SETUP-STRATAGEMS.TP2~ #0 #8010 // Improved Shade Lord: 35.21
~STRATAGEMS/SETUP-STRATAGEMS.TP2~ #0 #8020 // Spellcasting Demiliches: 35.21
~STRATAGEMS/SETUP-STRATAGEMS.TP2~ #0 #8040 // Tie difficulty of level-dependent monster groupings to the difficulty slider: 35.21
~STRATAGEMS/SETUP-STRATAGEMS.TP2~ #0 #8050 // Improved Random Encounters: 35.21
~STRATAGEMS/SETUP-STRATAGEMS.TP2~ #0 #8060 // Improved de'Arnise Keep ("Tactics Remix"): 35.21
~STRATAGEMS/SETUP-STRATAGEMS.TP2~ #0 #8070 // Improved Unseeing Eye: 35.21
~STRATAGEMS/SETUP-STRATAGEMS.TP2~ #0 #8080 // Improved Bodhi: 35.21
~STRATAGEMS/SETUP-STRATAGEMS.TP2~ #0 #8100 // Improved battle with Irenicus in Spellhold: 35.21
~STRATAGEMS/SETUP-STRATAGEMS.TP2~ #0 #8110 // Improved Sahuagin: 35.21
~STRATAGEMS/SETUP-STRATAGEMS.TP2~ #0 #8120 // Improved Beholder hive: 35.21
~STRATAGEMS/SETUP-STRATAGEMS.TP2~ #0 #8130 // Rebalanced troll regeneration: 35.21
~STRATAGEMS/SETUP-STRATAGEMS.TP2~ #0 #8140 // Improved Drow: 35.21
~STRATAGEMS/SETUP-STRATAGEMS.TP2~ #0 #8150 // Improved Watcher's Keep: 35.21
~STRATAGEMS/SETUP-STRATAGEMS.TP2~ #0 #8160 // Improved Fire Giant temple: 35.21
~STRATAGEMS/SETUP-STRATAGEMS.TP2~ #0 #8170 // Improved Sendai's Enclave: 35.21
~STRATAGEMS/SETUP-STRATAGEMS.TP2~ #0 #8180 // Improved Abazigal's Lair: 35.21
~STRATAGEMS/SETUP-STRATAGEMS.TP2~ #0 #8190 // Improved Minor Encounters: 35.21
~BUTCHERY/BUTCHERY.TP2~ #0 #41 // Butchery in Irenicus Dungeon (Dwarves) [install after Stratagems]: v5.0.0
~BUTCHERY/BUTCHERY.TP2~ #0 #43 // Butchery in the Forest of Tethyr (Animals and Druids) [install after Stratagems]: v5.0.0
~BUTCHERY/BUTCHERY.TP2~ #0 #44 // Butchery in the planar sphere (Demonic creatures) [install after Stratagems]: v5.0.0
~BUTCHERY/BUTCHERY.TP2~ #0 #45 // 3 butcheries in Spellhold (Golems, Vampires and Trolls) [install after Stratagems]: v5.0.0
~BUTCHERY/BUTCHERY.TP2~ #0 #46 // Butchery outside de'Arnise Keep (Trolls) [install after Stratagems]: v5.0.0
~BUTCHERY/BUTCHERY.TP2~ #0 #47 // Butchery in Windspear Hills (Orcs) [install after Stratagems]: v5.0.0
~BUTCHERY/BUTCHERY.TP2~ #0 #48 // Butchery in Umar Hills (Wolves) [install after Stratagems]: v5.0.0
~BUTCHERY/BUTCHERY.TP2~ #0 #49 // 2 butcheries in Trademeet and outside Watcher's Keep (Animals) [install) after Stratagems]: v5.0.0
~BUTCHERY/BUTCHERY.TP2~ #0 #50 // 2 butcheries of Golems in Suldanessellar and Watcher's Keep (Machine of Lum the Mad floor) [install after Stratagems]: v5.0.0
~BUTCHERY/BUTCHERY.TP2~ #0 #51 // Butchery of Yaga-Shura revisited [install after Ascension and Stratagems]: v5.0.0
~BUTCHERY/BUTCHERY.TP2~ #0 #52 // Butchery in the Druid Grove area (Animals and Druids) [install after Stratagems]: v5.0.0
~BUTCHERY/BUTCHERY.TP2~ #0 #53 // Butchery in the Beholder Hideout (Fanatics) [install after Stratagems]: v5.0.0
~BUTCHERY/BUTCHERY.TP2~ #0 #54 // Butchery in Bodhi's Hideout (chapter 2, before Underdark) - Vampires [install after Stratagems]: v5.0.0
~BUTCHERY/BUTCHERY.TP2~ #0 #55 // Butchery in Bodhi's Hideout (chapter 6, after Underdark) - Vampires [install after Stratagems]: v5.0.0
~BUTCHERY/BUTCHERY.TP2~ #0 #56 // 2 butcheries of Sahuagins in Sahuagin City and Watcher's Keep (Githyanki Encampment) [install after Stratagems]: v5.0.0
~BUTCHERY/BUTCHERY.TP2~ #0 #57 // 4 butcheries of spiders in Pai'Na's Hideout entrance, Temple City (Unseeing Eye Plot), Watcher's Keep first floor (Altar level) and in the area outside Sendai's Hideout [install after Stratagems]: v5.0.0
~BUTCHERY/BUTCHERY.TP2~ #0 #58 // 6 butcheries of skeletons in the lower tombs of Athkatla, Shadow Temple Land, Spellhold, Watcher's Keep (Last Seals), and 2 in Nyalee's Hideout [install after Stratagems]: v5.0.0
~BUTCHERY/BUTCHERY.TP2~ #0 #90 // Cosmetic component [install before or after Stratagems]: v5.0.0
~CDTWEAKS/SETUP-CDTWEAKS.TP2~ #0 #2160 // Alter Weapon Proficiency System -> Rebalanced weapon proficiencies: v16
~CDTWEAKS/SETUP-CDTWEAKS.TP2~ #0 #2200 // Multi-Class Grandmastery [Weimer]: v16
~CDTWEAKS/SETUP-CDTWEAKS.TP2~ #0 #2210 // Change Grandmastery Bonuses -> True grandmastery [Baldurdash]: v16
~COMBAT_SKILL_PROFICIENCIES/COMBAT_SKILL_PROFICIENCIES.TP2~ #0 #10 // Revised Proficiency System: v1.5
~SUBTLED_STAT_OVERHAULS/SUBTLED_STAT_OVERHAULS.TP2~ #0 #100 // Ability Score Overhaul: v1.8
~SUBTLED_STAT_OVERHAULS/SUBTLED_STAT_OVERHAULS.TP2~ #0 #110 // Stat-based Bonus Spell Slots: v1.8
~SUBTLED_STAT_OVERHAULS/SUBTLED_STAT_OVERHAULS.TP2~ #0 #121 // Stat-based Bonus Spells for 5E Casters -> bonuses for memorization slots AND casting slots: v1.8
~SUBTLED_STAT_OVERHAULS/SUBTLED_STAT_OVERHAULS.TP2~ #0 #130 // Full Strength for 2-Hand Weapons Only: v1.8
~SUBTLED_STAT_OVERHAULS/SUBTLED_STAT_OVERHAULS.TP2~ #0 #152 // Hit Dice Overhaul -> Closer to average hit points: v1.8
~SUBTLED_STAT_OVERHAULS/SUBTLED_STAT_OVERHAULS.TP2~ #0 #160 // Saving Throw Overhaul: v1.8
~SUBTLED_STAT_OVERHAULS/SUBTLED_STAT_OVERHAULS.TP2~ #0 #180 // Lower Dual-Class Requirements: v1.8
~SUBTLED_STAT_OVERHAULS/SUBTLED_STAT_OVERHAULS.TP2~ #0 #200 // Slower, Standardized XP Tables: v1.8
~COMBAT_SKILL_PROFICIENCIES/COMBAT_SKILL_PROFICIENCIES.TP2~ #0 #30 // Combat Skill Points: v1.5
~COMBAT_SKILL_PROFICIENCIES/COMBAT_SKILL_PROFICIENCIES.TP2~ #0 #90 // APR on Spec: v1.5
~EET_TWEAKS/EET_TWEAKS.TP2~ #0 #1000 // Edwin appearance -> BG1: 1.12
~EET_TWEAKS/EET_TWEAKS.TP2~ #0 #1011 // Imoen appearance -> BG2: 1.12
~EET_TWEAKS/EET_TWEAKS.TP2~ #0 #1020 // Jaheira appearance -> BG1: 1.12
~EET_TWEAKS/EET_TWEAKS.TP2~ #0 #1031 // Minsc appearance -> BG2: 1.12
~EET_TWEAKS/EET_TWEAKS.TP2~ #0 #1041 // Viconia appearance -> BG2: 1.12
~EET_TWEAKS/EET_TWEAKS.TP2~ #0 #1050 // Cameo NPCs appearance: 1.12
~EET_TWEAKS/EET_TWEAKS.TP2~ #0 #2043 // XP for Traps, Spells and Lockpicking -> Disabled: 1.12
~EET_TWEAKS/EET_TWEAKS.TP2~ #0 #2052 // XP for killing creatures -> Decrease to 50%: 1.12
~EET_TWEAKS/EET_TWEAKS.TP2~ #0 #2062 // XP for quests -> Decrease to 50%: 1.12
~EET_TWEAKS/EET_TWEAKS.TP2~ #0 #2070 // Party XP for quests distributed individually: 1.12
~EET_TWEAKS/EET_TWEAKS.TP2~ #0 #3000 // Disable hostile reaction after charm: 1.12
~EET_TWEAKS/EET_TWEAKS.TP2~ #0 #3021 // Familiar death consequences -> Constitution loss for 1 week: 1.12
~EET_TWEAKS/EET_TWEAKS.TP2~ #0 #3050 // One time area spawn points (no respawning): 1.12
~EET_TWEAKS/EET_TWEAKS.TP2~ #0 #4020 // Higher framerates support: 1.12
~EET_TWEAKS/EET_TWEAKS.TP2~ #0 #4050 // Books/Scrolls categorization: 1.12
~EET_TWEAKS/EET_TWEAKS.TP2~ #0 #4060 // Wand Case: 1.12
~EET_TWEAKS/EET_TWEAKS.TP2~ #0 #4070 // Key Ring: 1.12
~NPC_EE/NPC_EE.TP2~ #0 #1010 // Remove dual-class flag from Imoen (warning, see Readme): 6.5.5
~NPC_EE/NPC_EE.TP2~ #0 #1020 // Remove dual-class flag from Nalia (warning, see Readme): 6.5.5
~NPC_EE/NPC_EE.TP2~ #0 #1030 // Remove dual-class flag from Anomen (warning, see Readme): 6.5.5
~NPC_EE/NPC_EE.TP2~ #0 #1200 // Remove dual-class flag from all other NPCs (warning, see Readme): 6.5.5
~NPC_EE/NPC_EE.TP2~ #0 #2000 // NPC class/stat/kit choices: 6.5.5
~DRUIDGROVEMAKEOVER/SETUP-DRUIDGROVEMAKEOVER.TP2~ #0 #0 // Druid Grove Area Visual Makeover
~BGGO/BGGO.TP2~ #0 #0 // BGGO for EET, BGT, BGEE, BG2EE, ToB and Tutu -> Baldurs Gate Graphical Overhaul for Windows: v3.4
~HQ_SOUNDCLIPS_BG2EE/HQ_SOUNDCLIPS_BG2EE.TP2~ #0 #0 // Install high quality soundclips for new BG2EE content: 1.3
~JAHEIRARECAST/JAHEIRARECAST.TP2~ #0 #1 // Jaheira Recast: Character Sounds -> Use BG1+BG2 Character Sounds: v3.2
~JAHEIRARECAST/JAHEIRARECAST.TP2~ #0 #2 // Jaheira Recast: Dialog Voiceover: v3.2
~CD_ICPP/SETUP-CD_ICPP.TP2~ #0 #100 // Install All Baldur's Gate Portraits as Player Portraits: v2
~CD_ICPP/SETUP-CD_ICPP.TP2~ #0 #200 // Install All Baldur's Gate II Portraits as Player Portraits: v2
~CD_ICPP/SETUP-CD_ICPP.TP2~ #0 #400 // Install Icewind Dale Portraits as Player Portraits -> Icewind Dale AND Icewind Dale II Portraits: v2
~PLASMOBG1BG2/PLASMOBG1BG2.TP2~ #0 #1000 // Make all portraits available for use by the PC: v5
~PICKS_OF_THE_LITTER/PICKS_OF_THE_LITTER.TP2~ #0 #0 // Plasmocat's Picks of the Litter Portrait Pack: v4
~PPE/SETUP-PPE.TP2~ #0 #0 // Portraits Portraits Everywhere (PPE) - core component: 1.01
~PPE/SETUP-PPE.TP2~ #0 #100 // Category Portraits (Recommended) -> Sequenced: 1.01
~PPE/SETUP-PPE.TP2~ #0 #10 // Isandir's CHARNAME Portraits: 1.01
~PPE/SETUP-PPE.TP2~ #0 #20 // Replace Low Quality TOB & SOA Portraits: 1.01
~PPE/SETUP-PPE.TP2~ #0 #25 // Edwin/Edwina: 1.01
~PPE/SETUP-PPE.TP2~ #0 #30 // Ust Natha Drow NPCs: 1.01
~PPE/SETUP-PPE.TP2~ #0 #35 // Vampire NPCs: 1.01
~LIGHTINGPACK/LIGHTINGPACK.TP2~ #0 #2 // Shader script files for lighting control -> Moderately increased contrast, brightness and gamma (recommended): v3.2
~LIGHTINGPACK/LIGHTINGPACK.TP2~ #0 #102 // Modify Color Temperature -> Apply preset "Daylight (neutral)" (6,500 Kelvin): v3.2
~BP-BGT-WORLDMAP/SETUP-BP-BGT-WORLDMAP.TP2~ #0 #0 // Worldmap for Baldur's Gate - including colored Baldur's Gate map icons: v13.1.1
~BP-BGT-WORLDMAP/SETUP-BP-BGT-WORLDMAP.TP2~ #0 #4 // Larger worldmap screen window for the worldmap menu.ui -> BG2 style: v13.1.1
~EET_END/EET_END.TP2~ #0 #0 // EET end (last mod in install order) -> Standard installatio